,player_id,player_name,club,birthday,age,foot,position_id,squad_num,total_xG,pen_attempts,total_xA,total_xG+xA,goals,xG_goal_diff,xG+xA/90,transfer_value(USD),total_minutes_played
0,16081.0,Luis Rodríguez,Squad Club Atlético Tucumán,"Jan 1, 1985 (33)",33,right,Forward,7.0,6.26,4.0,1.58,7.84,8.0,1.74,0.77,1.71,917.9
1,24256.0,Emmanuel Gigliotti,Squad Club Atlético Independiente,"May 20, 1987 (31)",31,right,Forward,9.0,6.05,0.0,2.68,8.73,12.0,5.95,0.63,3.43,1247.97
2,488.0,Lisandro López,Squad Racing Club,"Mar 2, 1983 (35)",35,right,Forward,15.0,5.85,3.0,1.15,7.0,11.0,5.15,0.56,2.01,1118.53
3,20195.0,Sebastián Ribas,Squad Club Atlético Lanús,"Mar 11, 1988 (30)",30,right,Forward,37.0,5.75,1.0,1.22,6.97,5.0,-0.75,0.54,1.71,1166.28
4,31939.0,Santiago García,Squad Club Deportivo Godoy Cruz Antonio Tomba,"Sep 14, 1990 (28)",28,right,Forward,18.0,4.64,1.0,1.39,6.03,5.0,0.36,0.47,6.86,1159.57
5,17217.0,Jonatan Cristaldo,Squad Racing Club,"Mar 5, 1989 (29)",29,right,Forward,9.0,4.49,0.0,1.41,5.9,3.0,-1.49,0.56,1.37,944.97
6,101.0,Darío Cvitanich,Squad Club Atlético Banfield,"May 16, 1984 (34)",34,right,Forward,20.0,4.41,2.0,0.86,5.27,5.0,0.59,0.42,1.71,1141.55
7,15113.0,Claudio Bieler,Squad Club Atlético San Martín (Tucumán),"Mar 1, 1984 (34)",34,right,Forward,9.0,4.12,1.0,1.02,5.14,3.0,-1.12,0.34,0.57,1349.02
8,203.0,Mariano Pavone,Squad Club Estudiantes de La Plata,"May 27, 1982 (36)",36,both,Forward,16.0,4.1,1.0,1.94,6.04,3.0,-1.1,0.67,0.46,814.65
9,39414.0,Fernando Zampedri,Squad Club Atlético Rosario Central,"Feb 14, 1988 (30)",30,right,Forward,20.0,4.09,0.0,2.62,6.71,4.0,-0.09,0.63,3.43,966.07
10,93853.0,Franco Soldano,Squad Club Atlético Unión (Santa Fe),"Sep 14, 1994 (24)",24,right,Forward,27.0,4.06,0.0,1.77,5.83,2.0,-2.06,0.42,5.71,1240.35
11,3148.0,Santiago Silva,Squad Club de Gimnasia y Esgrima La Plata,"Dec 9, 1980 (37)",37,right,Forward,9.0,3.78,1.0,2.52,6.3,4.0,0.22,0.53,0.34,1071.9
12,98292.0,Facundo Barceló,Squad Club Atlético Patronato de la Juventud Católica,"Mar 31, 1993 (25)",25,right,Forward,31.0,3.77,1.0,1.45,5.22,6.0,2.23,0.68,0.57,688.92
13,135386.0,Leonardo Sequeira,Squad Club Atlético Belgrano,"Apr 26, 1995 (23)",23,right,Forward,26.0,3.76,2.0,0.36,4.12,2.0,-1.76,0.37,1.71,1000.88
14,17266.0,Mauricio Sperduti,Squad Club Atlético Patronato de la Juventud Católica,"Feb 16, 1986 (32)",32,right,Midfielder,14.0,3.31,2.0,0.72,4.03,3.0,-0.31,0.34,0.57,1071.05
15,30266.0,Cristian Chávez,Squad Club Atlético Aldosivi,"Jun 4, 1987 (31)",31,right,Forward,11.0,3.26,1.0,0.93,4.19,5.0,1.74,0.35,0.57,1088.27
16,9146.0,Germán Herrera,Squad Club Atlético Rosario Central,"Jul 19, 1983 (35)",35,right,Forward,17.0,3.21,0.0,2.53,5.74,2.0,-1.21,1.13,0.34,457.05
17,172565.0,Nicolás Reniero,Squad Club Atlético San Lorenzo de Almagro,"Mar 18, 1995 (23)",23,right,Forward,15.0,3.19,0.0,2.01,5.2,3.0,-0.19,0.44,2.29,1057.33
18,193188.0,Gastón Togni,Squad Club Social y Deportivo Defensa y Justicia,"Sep 20, 1997 (21)",21,left,Midfielder,7.0,3.12,0.0,1.03,4.15,3.0,-0.12,0.33,0.17,1115.33
19,87323.0,Ricardo Centurión,Squad Racing Club,"Jan 19, 1993 (25)",25,right,Forward,10.0,2.98,1.0,1.18,4.16,3.0,0.02,0.48,5.71,787.35
20,47913.0,Javier Correa,Squad Club Atlético Colón,"Oct 23, 1992 (26)",26,right,Forward,11.0,2.91,1.0,0.34,3.25,3.0,0.09,0.28,4.57,1062.7
21,36681.0,Víctor Figueroa,Squad Club Atlético Newell's Old Boys,"Sep 29, 1983 (35)",35,right,Midfielder,16.0,2.89,1.0,0.31,3.2,1.0,-1.89,0.36,0.23,794.48
22,114108.0,Nicolás Fernández,Squad Club Social y Deportivo Defensa y Justicia,"Feb 8, 1996 (22)",22,right,Forward,29.0,2.89,0.0,1.63,4.52,4.0,1.11,0.4,3.43,1023.72
23,163041.0,Alexander Barboza,Squad Club Social y Deportivo Defensa y Justicia,"Mar 16, 1995 (23)",23,left,Defender,6.0,2.72,1.0,1.27,3.99,1.0,-1.72,0.33,2.86,1090.52
24,55210.0,Nicolás Blandi,Squad Club Atlético San Lorenzo de Almagro,"Jan 13, 1990 (28)",28,right,Forward,9.0,2.71,0.0,1.0,3.71,4.0,1.29,0.79,6.29,422.92
25,8907.0,Federico González,Squad Club Atlético Tigre,"Jan 6, 1987 (31)",31,right,Forward,9.0,2.7,0.0,0.58,3.28,4.0,1.3,0.4,0.91,744.9
26,150346.0,Pablo Alvarenga,Squad Club Atlético San Martín (SJ),"Jun 22, 1988 (30)",30,-,Forward,33.0,2.68,0.0,1.4,4.08,3.0,0.32,0.54,,682.37
27,117606.0,Junior Arias,Squad Club Atlético Talleres,"May 17, 1993 (25)",25,right,Forward,9.0,2.51,0.0,0.98,3.49,4.0,1.49,0.32,2.29,982.67
28,55267.0,Fernando Gaibor,Squad Club Atlético Independiente,"Oct 8, 1991 (27)",27,right,Midfielder,10.0,2.49,2.0,0.45,2.94,2.0,-0.49,0.28,2.29,948.22
29,185745.0,Lucas Robertone,Squad Club Atlético Vélez Sarsfield,"Mar 18, 1997 (21)",21,right,Midfielder,16.0,2.42,0.0,1.34,3.76,3.0,0.58,0.35,3.43,965.52
30,121341.0,Héctor Fértoli,Squad Club Atlético Newell's Old Boys,"Dec 3, 1994 (24)",24,right,Midfielder,26.0,2.42,0.0,1.13,3.55,4.0,1.58,0.31,0.8,1019.45
31,39578.0,Lucas Gamba,Squad Club Atlético Huracán,"Jun 24, 1987 (31)",31,right,Forward,21.0,2.4,1.0,1.58,3.98,5.0,2.6,0.39,2.01,915.42
32,172801.0,Nahuel Bustos,Squad Club Atlético Talleres,"Jul 4, 1998 (20)",20,right,Forward,7.0,2.3,0.0,0.91,3.21,5.0,2.7,0.34,0.06,857.9
33,193168.0,Tomás Belmonte,Squad Club Atlético Lanús,"May 27, 1998 (20)",20,right,Midfielder,13.0,2.25,0.0,1.34,3.59,2.0,-0.25,0.26,0.46,1260.0
34,17090.0,Mauro Formica,Squad Club Atlético Newell's Old Boys,"Apr 4, 1988 (30)",30,right,Midfielder,33.0,2.21,0.0,0.72,2.93,1.0,-1.21,0.32,2.06,824.42
35,17135.0,Matías Suárez,Squad Club Atlético Belgrano,"May 9, 1988 (30)",30,both,Forward,10.0,2.17,0.0,1.33,3.5,2.0,-0.17,0.3,2.86,1034.2
36,167990.0,Luís Leal,Squad Club Atlético Newell's Old Boys,"May 29, 1987 (31)",31,right,Forward,7.0,2.17,0.0,1.51,3.68,1.0,-1.17,0.39,1.37,842.68
37,85311.0,Lucas Albertengo,Squad Club Estudiantes de La Plata,"Jan 30, 1991 (27)",27,right,Forward,7.0,2.17,0.0,0.25,2.42,1.0,-1.17,0.4,2.06,549.3
38,144.0,Carlos Tevez,Squad Club Atlético Boca Juniors,"Feb 5, 1984 (34)",34,right,Forward,32.0,2.16,0.0,1.49,3.65,3.0,0.84,0.5,2.86,651.87
39,77919.0,Gonzalo Martínez,Squad Club Atlético River Plate,"Jun 13, 1993 (25)",25,left,Midfielder,10.0,2.15,2.0,0.35,2.5,2.0,-0.15,0.7,17.14,321.7
40,209887.0,Gastón Verón,Squad Asociación Atlética Argentinos Juniors,"Apr 23, 2001 (17)",17,right,Forward,16.0,2.15,0.0,0.25,2.4,1.0,-1.15,0.37,,577.35
41,130207.0,Francisco Fydriszewski,Squad Club Atlético Newell's Old Boys,"Apr 13, 1993 (25)",25,both,Forward,9.0,2.14,0.0,1.21,3.35,3.0,0.86,1.27,0.23,238.3
42,618.0,Mauro Zárate,Squad Club Atlético Boca Juniors,"Mar 18, 1987 (31)",31,right,Forward,19.0,2.11,1.0,0.51,2.62,1.0,-1.11,0.35,2.29,674.9
43,37152.0,Rubén Botta,Squad Club Atlético San Lorenzo de Almagro,"Jan 31, 1990 (28)",28,left,Midfielder,19.0,2.1,1.0,0.63,2.73,2.0,-0.1,0.28,2.86,878.1
44,77944.0,Washington Camacho,Squad Club Atlético Rosario Central,"Apr 8, 1986 (32)",32,left,Midfielder,15.0,2.07,0.0,0.66,2.73,2.0,-0.07,0.25,0.57,976.53
45,89025.0,Fabián Noguera,Squad Club Estudiantes de La Plata,"Mar 20, 1993 (25)",25,right,Defender,18.0,2.05,0.0,0.66,2.71,2.0,-0.05,0.24,0.69,1034.87
46,177285.0,Matías Vargas,Squad Club Atlético Vélez Sarsfield,"May 8, 1997 (21)",21,right,Forward,26.0,2.0,1.0,0.55,2.55,2.0,0.0,0.21,10.29,1114.73
47,66503.0,Augusto Solari,Squad Racing Club,"Jan 3, 1992 (26)",26,right,Midfielder,18.0,1.98,0.0,1.43,3.41,3.0,1.02,0.4,4.0,773.95
48,31807.0,Mauro Matos,Squad Club Atlético Tucumán,"Aug 6, 1982 (36)",36,right,Forward,18.0,1.97,0.0,1.07,3.04,3.0,1.03,0.36,0.29,756.75
49,44918.0,Gabriel Carabajal,Squad Club Atlético Patronato de la Juventud Católica,"Dec 9, 1991 (26)",26,right,Midfielder,30.0,1.9,0.0,1.18,3.08,1.0,-0.9,0.25,0.57,1112.48
50,99085.0,Lucas Acevedo,Squad Club Atlético San Martín (Tucumán),"Nov 8, 1991 (27)",27,right,Defender,2.0,1.89,0.0,0.88,2.77,2.0,0.11,0.18,0.29,1350.0
51,44574.0,Marco Ruben,Squad Club Atlético Rosario Central,"Oct 26, 1986 (32)",32,right,Forward,9.0,1.88,0.0,0.58,2.46,0.0,-1.88,0.28,2.86,792.68
52,43746.0,Edwin Cardona,Squad Club Atlético Boca Juniors,"Dec 8, 1992 (25)",25,right,Midfielder,10.0,1.85,1.0,0.31,2.16,3.0,1.15,0.29,6.29,676.03
53,136659.0,Ángel González,Squad Club Deportivo Godoy Cruz Antonio Tomba,"May 16, 1994 (24)",24,right,Forward,8.0,1.85,0.0,0.84,2.69,5.0,3.15,0.26,2.86,913.78
54,84739.0,Braian Romero,Squad Club Atlético Independiente,"Jun 15, 1991 (27)",27,right,Forward,17.0,1.75,0.0,0.64,2.39,3.0,1.25,0.55,2.86,389.75
55,95766.0,Adrián Balboa,Squad Club Atlético Belgrano,"Jan 19, 1994 (24)",24,right,Forward,11.0,1.71,0.0,0.93,2.64,1.0,-0.71,0.39,0.86,605.65
56,119431.0,Matías Rojas,Squad Club Social y Deportivo Defensa y Justicia,"Nov 3, 1995 (23)",23,left,Midfielder,26.0,1.71,0.0,0.66,2.37,6.0,4.29,0.24,0.34,875.52
57,186085.0,Matías Zaracho,Squad Racing Club,"Mar 10, 1998 (20)",20,right,Midfielder,28.0,1.7,0.0,0.82,2.52,0.0,-1.7,0.27,4.0,828.37
58,68341.0,Diego Zabala,Squad Club Atlético Unión (Santa Fe),"Sep 19, 1991 (27)",27,right,Midfielder,11.0,1.69,0.0,1.02,2.71,3.0,1.31,0.2,2.29,1220.97
59,71946.0,Franco Fragapane,Squad Club Atlético Unión (Santa Fe),"Jun 2, 1993 (25)",25,right,Midfielder,7.0,1.69,0.0,0.57,2.26,2.0,0.31,0.2,1.14,1040.42
60,1325.0,Martín Bravo,Squad Club Atlético San Martín (SJ),"Sep 19, 1986 (32)",32,left,Forward,23.0,1.69,0.0,1.2,2.89,3.0,1.31,0.35,0.91,734.07
61,70297.0,Juan Ramírez,Squad Club Atlético Talleres,"May 25, 1993 (25)",25,left,Midfielder,20.0,1.63,1.0,0.29,1.92,1.0,-0.63,0.15,2.29,1174.6
62,8513.0,Lautaro Acosta,Squad Club Atlético Lanús,"Mar 14, 1988 (30)",30,right,Forward,7.0,1.59,0.0,0.6,2.19,1.0,-0.59,0.16,6.86,1223.97
63,184545.0,Jan Carlos Hurtado,Squad Club de Gimnasia y Esgrima La Plata,"Mar 5, 2000 (18)",18,right,Forward,17.0,1.59,0.0,0.84,2.43,0.0,-1.59,0.66,0.4,332.6
64,103537.0,David Barbona,Squad Club Atlético Tucumán,"Feb 22, 1995 (23)",23,right,Midfielder,19.0,1.55,0.0,0.69,2.24,2.0,0.45,0.32,2.29,624.3
65,81286.0,Guillermo Fernández,Squad Racing Club,"Oct 11, 1991 (27)",27,right,Midfielder,8.0,1.55,0.0,1.06,2.61,3.0,1.45,0.23,4.57,1035.43
66,68605.0,Lucas Menossi,Squad Club Atlético Tigre,"Jul 20, 1992 (26)",26,right,Midfielder,5.0,1.54,0.0,0.61,2.15,3.0,1.46,0.18,1.71,1098.88
67,72225.0,Andrés Chávez,Squad Club Atlético Huracán,"Mar 21, 1991 (27)",27,left,Forward,9.0,1.54,0.0,0.49,2.03,2.0,0.46,0.25,2.86,739.2
68,29128.0,Denis Stracqualursi,Squad Club Atlético Aldosivi,"Oct 20, 1987 (31)",31,right,Forward,22.0,1.49,0.0,0.8,2.29,1.0,-0.49,0.39,0.57,533.33
69,8611.0,Diego Vera,Squad Club Atlético Tigre,"Jan 5, 1985 (33)",33,right,Forward,19.0,1.47,0.0,0.44,1.91,2.0,0.53,0.27,0.86,633.2
70,89135.0,Gabriel Ávalos,Squad Club Deportivo Godoy Cruz Antonio Tomba,"Oct 12, 1990 (28)",28,right,Forward,9.0,1.44,0.0,0.58,2.02,2.0,0.56,0.99,0.23,184.28
71,131511.0,Francisco Illarregui,Squad Asociación Atlética Argentinos Juniors,"May 6, 1997 (21)",21,-,Forward,27.0,1.44,0.0,1.0,2.44,1.0,-0.44,0.57,0.17,386.5
72,118855.0,Nazareno Solís,Squad Club Atlético San Martín (SJ),"Apr 22, 1994 (24)",24,left,Forward,7.0,1.43,0.0,0.43,1.86,1.0,-0.43,0.28,0.69,597.05
73,214.0,Marcos Gelabert,Squad Club Atlético San Martín (SJ),"Sep 16, 1981 (37)",37,right,Midfielder,5.0,1.43,0.0,0.7,2.13,2.0,0.57,0.19,0.11,1001.82
74,81291.0,Diego Mendoza,Squad Club Atlético Huracán,"Sep 30, 1992 (26)",26,right,Forward,16.0,1.41,1.0,0.0,1.41,3.0,1.59,0.53,0.34,238.77
75,97738.0,Emanuel Brítez,Squad Club Atlético Independiente,"Mar 26, 1992 (26)",26,right,Defender,23.0,1.41,0.0,0.83,2.24,1.0,-0.41,0.22,1.14,928.82
76,17271.0,Diego Morales,Squad Club Atlético Tigre,"Nov 29, 1986 (32)",32,right,Midfielder,11.0,1.38,0.0,0.78,2.16,1.0,-0.38,0.21,0.86,921.98
77,185878.0,Juan Brunetta,Squad Club Atlético Belgrano,"May 12, 1997 (21)",21,left,Midfielder,17.0,1.37,0.0,0.55,1.92,1.0,-0.37,0.23,1.44,736.43
78,46638.0,Claudio Mosca,Squad Club Atlético San Martín (SJ),"Apr 2, 1991 (27)",27,left,Midfielder,10.0,1.37,0.0,0.16,1.53,0.0,-1.37,0.12,0.69,1146.3
79,52937.0,Luciano Pons,Squad Club Atlético San Martín (Tucumán),"Apr 18, 1990 (28)",28,right,Forward,27.0,1.37,0.0,0.74,2.11,2.0,0.63,0.4,,475.22
80,189736.0,Alexis Mac Allister,Squad Asociación Atlética Argentinos Juniors,"Dec 24, 1998 (19)",19,right,Midfielder,10.0,1.36,0.0,0.88,2.24,2.0,0.64,0.38,4.57,533.83
81,42505.0,Jhonathan Ramis,Squad Club Atlético Vélez Sarsfield,"Nov 6, 1989 (29)",29,right,Forward,11.0,1.35,0.0,0.46,1.81,1.0,-0.35,0.29,0.8,555.25
82,116885.0,Marcelino Moreno,Squad Club Atlético Lanús,"Jun 25, 1995 (23)",23,right,Midfielder,25.0,1.35,0.0,0.57,1.92,0.0,-1.35,0.19,1.14,928.57
83,16278.0,Renzo Vera,Squad Club Atlético Patronato de la Juventud Católica,"Jun 1, 1983 (35)",35,right,Defender,33.0,1.34,1.0,0.24,1.58,1.0,-0.34,0.15,0.2,928.52
84,112671.0,Rafael Borré,Squad Club Atlético River Plate,"Sep 15, 1995 (23)",23,right,Forward,19.0,1.33,0.0,0.09,1.42,2.0,0.67,0.29,3.43,446.5
85,54702.0,Rodrigo Mora,Squad Club Atlético River Plate,"Oct 29, 1987 (31)",31,right,Forward,7.0,1.31,0.0,0.66,1.97,2.0,0.69,0.51,2.01,348.97
86,19754.0,Enzo Kalinski,Squad Club Atlético Banfield,"Mar 10, 1987 (31)",31,right,Midfielder,23.0,1.31,0.0,0.78,2.09,2.0,0.69,0.17,0.91,1114.98
87,61919.0,Alberto Costa,Squad Club Atlético San Martín (Tucumán),"Jan 9, 1985 (33)",33,left,Midfielder,8.0,1.3,0.0,0.31,1.61,3.0,1.7,0.23,0.57,622.27
88,121814.0,Leonardo Heredia,Squad Club Atlético Colón,"Jan 11, 1996 (22)",22,right,Midfielder,21.0,1.3,0.0,0.56,1.86,4.0,2.7,0.2,0.06,845.87
89,175369.0,Franco Troyansky,Squad Club Atlético Unión (Santa Fe),"Jun 3, 1997 (21)",21,left,Forward,22.0,1.29,0.0,0.94,2.23,1.0,-0.29,0.34,1.44,590.58
90,122082.0,Franco Cristaldo,Squad Club Atlético San Martín (SJ),"Aug 15, 1996 (22)",22,right,Midfielder,32.0,1.28,0.0,1.05,2.33,0.0,-1.28,0.38,0.46,555.13
91,172675.0,Luciano Gómez,Squad Club Atlético Banfield,"Mar 22, 1996 (22)",22,right,Midfielder,24.0,1.27,0.0,0.22,1.49,1.0,-0.27,0.15,0.34,892.8
92,172730.0,Nicolás Leguizamón,Squad Club Atlético Colón,"Jan 26, 1995 (23)",23,right,Forward,9.0,1.25,0.0,0.86,2.11,0.0,-1.25,0.45,1.71,420.22
93,179961.0,Gonzalo Maroni,Squad Club Atlético Talleres,"Mar 18, 1999 (19)",19,right,Midfielder,10.0,1.25,0.0,0.1,1.35,2.0,0.75,0.15,0.86,816.38
94,94725.0,Horacio Tijanovich,Squad Club de Gimnasia y Esgrima La Plata,"Feb 28, 1996 (22)",22,right,Midfielder,11.0,1.24,0.0,0.65,1.89,0.0,-1.24,0.2,0.57,834.62
95,28146.0,Rolando García Guerreño,Squad Club Atlético Lanús,"Feb 10, 1990 (28)",28,right,Defender,23.0,1.22,0.0,0.42,1.64,0.0,-1.22,0.16,1.71,904.55
96,28126.0,Lucas Pratto,Squad Club Atlético River Plate,"Jun 4, 1988 (30)",30,right,Forward,27.0,1.19,0.0,0.57,1.76,0.0,-1.19,0.22,6.86,723.43
97,172756.0,Agustín Bouzat,Squad Club Atlético Vélez Sarsfield,"Mar 28, 1994 (24)",24,left,Forward,10.0,1.18,0.0,0.55,1.73,0.0,-1.18,0.15,2.01,1053.38
98,30012.0,Rodrigo Salinas,Squad Club Atlético Vélez Sarsfield,"Jun 4, 1986 (32)",32,right,Forward,9.0,1.18,0.0,0.25,1.43,2.0,0.82,0.45,0.46,286.95
99,58422.0,Diego Viera,Squad Club Deportivo Godoy Cruz Antonio Tomba,"Apr 30, 1991 (27)",27,right,Defender,5.0,1.17,1.0,0.12,1.29,1.0,-0.17,0.09,1.71,1260.0
100,33777.0,Fabricio Fontanini,Squad Club Atlético Newell's Old Boys,"Mar 30, 1990 (28)",28,right,Defender,24.0,1.17,0.0,0.19,1.36,2.0,0.83,0.1,0.69,1260.0
101,85349.0,Juan Ignacio Cavallaro,Squad Club Atlético Tigre,"Jun 28, 1994 (24)",24,right,Forward,15.0,1.16,0.0,0.21,1.37,2.0,0.84,0.24,1.44,515.98
102,215760.0,Matías Pellegrini,Squad Club Estudiantes de La Plata,"Mar 11, 2000 (18)",18,left,Forward,8.0,1.15,0.0,0.31,1.46,2.0,0.85,0.2,,652.45
103,166900.0,Nicolás De La Cruz,Squad Club Atlético River Plate,"Jun 1, 1997 (21)",21,right,Midfielder,11.0,1.15,0.0,0.65,1.8,1.0,-0.15,0.47,4.57,341.83
104,19622.0,Marcelo Estigarribia,Squad Club Atlético Colón,"Sep 21, 1987 (31)",31,left,Midfielder,28.0,1.15,0.0,0.39,1.54,1.0,-0.15,0.12,1.14,1152.07
105,40397.0,Matías Pisano,Squad Club Atlético Aldosivi,"Dec 13, 1991 (26)",26,left,Midfielder,10.0,1.14,0.0,0.57,1.71,3.0,1.86,0.17,1.44,894.13
106,37080.0,Leonardo Sigali,Squad Racing Club,"May 29, 1987 (31)",31,right,Defender,30.0,1.14,0.0,0.22,1.36,0.0,-1.14,0.1,3.43,1182.62
107,175890.0,Kevin Mac Allister,Squad Asociación Atlética Argentinos Juniors,"Nov 7, 1997 (21)",21,right,Defender,4.0,1.13,0.0,0.88,2.01,0.0,-1.13,0.25,1.71,735.25
108,70512.0,Matías García,Squad Club Atlético San Martín (Tucumán),"Oct 22, 1991 (27)",27,left,Midfielder,10.0,1.13,0.0,0.38,1.51,1.0,-0.13,0.1,0.2,1350.0
109,29345.0,Fernando Telechea,Squad Club Atlético Aldosivi,"Oct 6, 1981 (37)",37,right,Forward,9.0,1.13,0.0,0.64,1.77,0.0,-1.13,0.36,0.23,444.2
110,77892.0,Joel Amoroso,Squad Club Atlético Newell's Old Boys,"Jan 8, 1988 (30)",30,right,Midfielder,15.0,1.12,0.0,0.47,1.59,0.0,-1.12,0.2,0.46,719.62
111,199230.0,Ignacio Huguenet,Squad Club Social y Deportivo Defensa y Justicia,"May 5, 1998 (20)",20,right,Forward,30.0,1.12,0.0,0.7,1.82,0.0,-1.12,0.37,,444.9
112,49584.0,Gervasio Núñez,Squad Club Atlético Tucumán,"Jan 29, 1988 (30)",30,left,Midfielder,10.0,1.12,0.0,0.32,1.44,0.0,-1.12,0.19,1.14,682.8
113,193955.0,Nicolás Domínguez,Squad Club Atlético Vélez Sarsfield,"Jun 28, 1998 (20)",20,right,Midfielder,28.0,1.12,0.0,0.22,1.34,2.0,0.88,0.1,4.57,1224.6
114,3116.0,Carlos Luna,Squad Club Atlético Tigre,"Jan 17, 1982 (36)",36,right,Forward,7.0,1.12,0.0,0.37,1.49,1.0,-0.12,0.86,0.34,155.38
115,70402.0,,Squad Club Atlético Banfield,"Jan 24, 1990 (28)",28,right,Forward,34.0,1.09,0.0,0.27,1.36,0.0,-1.09,0.13,0.31,938.73
116,16271.0,Alexis Niz,Squad Club Atlético Tigre,"May 17, 1988 (30)",30,right,Defender,4.0,1.09,0.0,0.48,1.57,0.0,-1.09,0.32,0.34,446.83
117,1692.0,Mariano González,Squad Club Atlético Colón,"May 5, 1981 (37)",37,right,Midfielder,15.0,1.07,0.0,0.91,1.98,0.0,-1.07,0.47,0.17,375.63
118,99008.0,Andrés Roa,Squad Club Atlético Huracán,"Apr 17, 1993 (25)",25,right,Midfielder,10.0,1.06,0.0,0.38,1.44,3.0,1.94,0.21,0.34,624.67
119,65598.0,Lorenzo Faravelli,Squad Club de Gimnasia y Esgrima La Plata,"Mar 29, 1993 (25)",25,right,Midfielder,8.0,1.05,0.0,0.22,1.27,1.0,-0.05,0.13,0.91,856.47
120,158998.0,Jalil Elías,Squad Club Deportivo Godoy Cruz Antonio Tomba,"Apr 25, 1996 (22)",22,right,Midfielder,10.0,1.04,0.0,0.73,1.77,0.0,-1.04,0.13,0.97,1235.27
121,17376.0,Jonathan Sandoval,Squad Asociación Atlética Argentinos Juniors,"Jun 25, 1987 (31)",31,right,Defender,15.0,1.03,0.0,0.62,1.65,0.0,-1.03,0.14,0.34,1069.78
122,63200.0,Ezequiel Rescaldani,Squad Club Atlético Patronato de la Juventud Católica,"Jun 11, 1992 (26)",26,right,Forward,29.0,1.02,0.0,0.7,1.72,0.0,-1.02,0.33,0.57,476.05
123,199203.0,Francisco Apaolaza,Squad Club Estudiantes de La Plata,"Jun 19, 1997 (21)",21,right,Forward,19.0,1.01,0.0,0.0,1.01,1.0,-0.01,0.15,0.17,624.37
124,79877.0,Martín Benítez,Squad Club Atlético Independiente,"Jun 17, 1994 (24)",24,right,Forward,7.0,1.01,0.0,0.46,1.47,2.0,0.99,0.23,6.86,578.98
125,31207.0,Damián Martínez,Squad Club Atlético Unión (Santa Fe),"Jan 31, 1990 (28)",28,right,Defender,4.0,1.01,0.0,0.61,1.62,2.0,0.99,0.12,0.46,1170.0
126,16283.0,Ignacio Canuto,Squad Club Atlético Tigre,"Feb 20, 1986 (32)",32,right,Defender,6.0,1.0,0.0,0.77,1.77,0.0,-1.0,0.14,0.4,1170.0
127,8904.0,Silvio Romero,Squad Club Atlético Independiente,"Jul 22, 1988 (30)",30,right,Midfielder,18.0,1.0,0.0,0.6,1.6,2.0,1.0,0.23,4.0,614.67
128,49043.0,Raúl Bobadilla,Squad Asociación Atlética Argentinos Juniors,"Jun 18, 1987 (31)",31,right,Forward,25.0,0.97,0.0,0.14,1.11,0.0,-0.97,0.15,2.01,651.82
129,52684.0,Carlos Auzqui,Squad Club Atlético Huracán,"Sep 18, 1991 (27)",27,right,Forward,11.0,0.97,0.0,0.66,1.63,1.0,0.03,0.22,2.29,669.57
130,172760.0,Lisandro Martínez,Squad Club Social y Deportivo Defensa y Justicia,"Jan 18, 1998 (20)",20,left,Defender,24.0,0.97,0.0,0.66,1.63,2.0,1.03,0.12,2.29,1211.43
131,147570.0,Tomás Cardona,Squad Club Deportivo Godoy Cruz Antonio Tomba,"Oct 10, 1995 (23)",23,left,Defender,6.0,0.97,0.0,0.25,1.22,1.0,0.03,0.09,3.43,1260.0
132,64709.0,Matías Garrido,Squad Club Atlético Patronato de la Juventud Católica,"Feb 2, 1986 (32)",32,right,Midfielder,10.0,0.96,0.0,0.13,1.09,1.0,0.04,0.26,0.23,378.17
133,69105.0,Miguel Araujo,Squad Club Atlético Talleres,"Oct 24, 1994 (24)",24,right,Defender,4.0,0.96,0.0,0.37,1.33,0.0,-0.96,0.16,0.57,765.0
134,111421.0,Cristian Pavón,Squad Club Atlético Boca Juniors,"Jan 21, 1996 (22)",22,right,Forward,7.0,0.95,0.0,0.45,1.4,2.0,1.05,0.23,22.86,553.93
135,85272.0,Rodrigo Aliendro,Squad Club Atlético Tucumán,"Feb 16, 1991 (27)",27,right,Midfielder,29.0,0.95,0.0,0.27,1.22,4.0,3.05,0.11,0.86,1026.72
136,2439.0,Juan Fernando Quintero,Squad Club Atlético River Plate,"Jan 18, 1993 (25)",25,left,Midfielder,8.0,0.94,0.0,0.68,1.62,1.0,0.06,0.32,7.43,459.72
137,85466.0,Maximiliano Meza,Squad Club Atlético Independiente,"Jan 15, 1992 (26)",26,right,Midfielder,8.0,0.94,0.0,0.34,1.28,1.0,0.06,0.12,16.0,939.1
138,186030.0,Emiliano Purita,Squad Club Atlético San Martín (Tucumán),"Mar 25, 1997 (21)",21,right,Midfielder,30.0,0.94,0.0,0.35,1.29,0.0,-0.94,0.15,0.23,759.05
139,66596.0,Gustavo Villarruel,Squad Club Atlético San Martín (SJ),"Apr 2, 1992 (26)",26,right,Forward,27.0,0.94,0.0,0.09,1.03,1.0,0.06,0.17,0.4,545.63
140,85468.0,Erik Godoy,Squad Club Atlético Colón,"Aug 16, 1993 (25)",25,right,Defender,27.0,0.94,0.0,0.5,1.44,0.0,-0.94,0.14,1.71,935.35
141,60771.0,Juan Garro,Squad Club Atlético Huracán,"Nov 24, 1992 (26)",26,left,Midfielder,24.0,0.93,0.0,0.72,1.65,1.0,0.07,0.39,4.0,381.42
142,52418.0,Gonzalo Rodríguez,Squad Club Atlético San Martín (Tucumán),"Sep 18, 1990 (28)",28,right,Forward,7.0,0.92,0.0,0.39,1.31,0.0,-0.92,0.17,,691.32
143,39796.0,Federico Lértora,Squad Club Atlético Belgrano,"Jul 1, 1990 (28)",28,right,Midfielder,14.0,0.91,0.0,0.22,1.13,0.0,-0.91,0.09,1.44,1170.0
144,87415.0,Marcelo Ortiz,Squad Club Atlético Rosario Central,"Jan 13, 1994 (24)",24,right,Defender,6.0,0.9,0.0,0.81,1.71,0.0,-0.9,0.28,0.06,540.0
145,603.0,Walter Montillo,Squad Club Atlético Tigre,"Apr 14, 1984 (34)",34,right,Midfielder,14.0,0.89,0.0,0.33,1.22,1.0,0.11,0.26,,421.77
146,70018.0,Nicolás Royón,Squad Club Atlético Patronato de la Juventud Católica,"Jan 28, 1991 (27)",27,right,Forward,32.0,0.89,0.0,0.5,1.39,0.0,-0.89,0.21,0.34,601.28
147,52390.0,Carlos Izquierdoz,Squad Club Atlético Boca Juniors,"Nov 3, 1988 (30)",30,right,Defender,24.0,0.89,0.0,0.89,1.78,1.0,0.11,0.45,3.43,356.8
148,29111.0,Jonatan Schunke,Squad Club Estudiantes de La Plata,"Feb 22, 1987 (31)",31,right,Defender,6.0,0.88,0.0,0.27,1.15,0.0,-0.88,0.09,2.06,1170.0
149,47487.0,Facundo Erpen,Squad Club Atlético San Martín (SJ),"May 19, 1983 (35)",35,right,Defender,3.0,0.88,0.0,0.25,1.13,1.0,0.12,0.19,0.91,540.0
150,1080.0,Gonzalo Rodríguez,Squad Club Atlético San Lorenzo de Almagro,"Apr 10, 1984 (34)",34,right,Defender,2.0,0.87,0.0,0.65,1.52,1.0,0.13,0.25,0.57,540.0
151,213070.0,Matías Gómez,Squad Club de Gimnasia y Esgrima La Plata,"Aug 10, 1998 (20)",20,-,Midfielder,33.0,0.87,0.0,0.06,0.93,1.0,0.13,0.08,,1103.18
152,46612.0,Sebastián Bértoli,Squad Club Atlético Patronato de la Juventud Católica,"Oct 16, 1977 (41)",41,right,Goalie,1.0,0.87,1.0,0.0,0.87,0.0,-0.87,0.06,0.11,1260.0
153,98969.0,Renzo Saravia,Squad Racing Club,"Jun 16, 1993 (25)",25,right,Defender,26.0,0.87,0.0,0.18,1.05,0.0,-0.87,0.1,2.86,939.05
154,70151.0,Teodoro Paredes,Squad Club Atlético Newell's Old Boys,"Apr 1, 1993 (25)",25,right,Defender,13.0,0.87,0.0,0.17,1.04,0.0,-0.87,0.17,0.23,560.88
155,163302.0,Mauro Pittón,Squad Club Atlético Unión (Santa Fe),"Aug 8, 1994 (24)",24,right,Midfielder,30.0,0.86,0.0,0.0,0.86,1.0,0.14,0.07,2.29,1048.02
156,86727.0,Rodrigo Gómez,Squad Club Atlético Unión (Santa Fe),"Jan 2, 1993 (25)",25,right,Midfielder,10.0,0.86,0.0,0.59,1.45,0.0,-0.86,0.36,1.14,365.37
157,204671.0,Tomás Chancalay,Squad Club Atlético Colón,"Jan 1, 1999 (19)",19,right,Midfielder,12.0,0.85,0.0,0.28,1.13,2.0,1.15,0.16,3.15,634.85
158,100778.0,Rodrigo Moreira,Squad Club Atlético San Martín (Tucumán),"Jul 15, 1996 (22)",22,right,Defender,4.0,0.85,0.0,0.56,1.41,0.0,-0.85,0.16,0.46,810.0
159,162738.0,Lucas Rodríguez,Squad Club Estudiantes de La Plata,"Apr 27, 1997 (21)",21,right,Midfielder,9.0,0.84,0.0,0.28,1.12,0.0,-0.84,0.08,3.43,1250.68
160,39742.0,Guillermo Acosta,Squad Club Atlético Tucumán,"Oct 31, 1988 (30)",30,right,Midfielder,8.0,0.84,0.0,0.44,1.28,2.0,1.16,0.1,0.57,1149.15
161,156.0,Pablo Ledesma,Squad Club Atlético Patronato de la Juventud Católica,"Feb 4, 1984 (34)",34,right,Midfielder,27.0,0.84,0.0,0.76,1.6,1.0,0.16,0.27,0.29,533.3
162,36816.0,Marco Torsiglieri,Squad Club Atlético Lanús,"Jan 12, 1988 (30)",30,left,Defender,18.0,0.84,0.0,0.68,1.52,0.0,-0.84,0.13,0.57,1080.0
163,123767.0,Victorio Ramis,Squad Club Deportivo Godoy Cruz Antonio Tomba,"Jul 7, 1994 (24)",24,right,Forward,11.0,0.83,0.0,0.32,1.15,0.0,-0.83,0.23,3.15,453.3
164,163289.0,Emiliano Ozuna,Squad Club Atlético Aldosivi,"Feb 9, 1996 (22)",22,left,Forward,36.0,0.82,0.0,0.65,1.47,1.0,0.18,0.47,0.31,282.2
165,69929.0,Jonás Aguirre,Squad Club Atlético Belgrano,"Mar 5, 1992 (26)",26,left,Midfielder,20.0,0.82,0.0,0.53,1.35,2.0,1.18,0.3,0.69,408.5
166,192596.0,Marcelo Torres,Squad Club Atlético Banfield,"Nov 6, 1997 (21)",21,right,Forward,11.0,0.81,0.0,0.0,0.81,1.0,0.19,0.3,0.69,246.75
167,37792.0,Pablo Hernández,Squad Club Atlético Independiente,"Oct 24, 1986 (32)",32,left,Midfielder,19.0,0.81,0.0,0.0,0.81,1.0,0.19,0.1,5.71,703.88
168,60772.0,Lisandro Magallán,Squad Club Atlético Boca Juniors,"Sep 27, 1993 (25)",25,right,Defender,6.0,0.81,0.0,0.12,0.93,1.0,0.19,0.13,5.14,666.47
169,215457.0,Adolfo Gaich,Squad Club Atlético San Lorenzo de Almagro,"Feb 26, 1999 (19)",19,right,Forward,38.0,0.8,0.0,0.34,1.14,2.0,1.2,0.21,,489.25
170,6365.0,Martín Galmarini,Squad Club Atlético Tigre,"Feb 28, 1982 (36)",36,right,Defender,8.0,0.79,0.0,0.19,0.98,0.0,-0.79,0.08,0.11,1137.22
171,34544.0,Emmanuel Mas,Squad Club Atlético Boca Juniors,"Jan 15, 1989 (29)",29,left,Defender,3.0,0.79,0.0,0.39,1.18,0.0,-0.79,0.12,2.86,854.88
172,215475.0,Thiago Almada,Squad Club Atlético Vélez Sarsfield,"Apr 26, 2001 (17)",17,right,Midfielder,23.0,0.79,0.0,0.05,0.84,3.0,2.21,0.21,,364.22
173,99779.0,Luis Abram,Squad Club Atlético Vélez Sarsfield,"Feb 27, 1996 (22)",22,left,Defender,29.0,0.78,0.0,0.7,1.48,1.0,0.22,0.11,0.51,1170.0
174,60730.0,Gastón Giménez,Squad Club Atlético Vélez Sarsfield,"Jul 27, 1991 (27)",27,left,Midfielder,30.0,0.78,0.0,0.68,1.46,0.0,-0.78,0.11,2.29,1216.45
175,220307.0,Pedro de la Vega,Squad Club Atlético Lanús,"Feb 7, 2001 (17)",17,right,Midfielder,39.0,0.78,0.0,0.48,1.26,0.0,-0.78,0.27,,422.47
176,24363.0,Alfonso Parot,Squad Club Atlético Rosario Central,"Oct 15, 1989 (29)",29,left,Defender,24.0,0.77,0.0,0.21,0.98,1.0,0.23,0.08,1.14,1170.0
177,145349.0,Tomás Pochettino,Squad Club Atlético Talleres,"Feb 1, 1996 (22)",22,right,Midfielder,32.0,0.76,0.0,0.21,0.97,0.0,-0.76,0.13,2.29,677.38
178,98359.0,Adrián Arregui,Squad Club Atlético San Martín (Tucumán),"Aug 12, 1992 (26)",26,right,Midfielder,13.0,0.75,0.0,0.23,0.98,0.0,-0.75,0.09,0.29,991.75
179,40071.0,Darío Benedetto,Squad Club Atlético Boca Juniors,"May 17, 1990 (28)",28,right,Forward,9.0,0.75,0.0,0.36,1.11,0.0,-0.75,0.27,11.43,368.6
180,24754.0,Gastón Fernández,Squad Club Estudiantes de La Plata,"Oct 12, 1983 (35)",35,right,Forward,10.0,0.75,0.0,0.06,0.81,3.0,2.25,0.14,0.34,503.23
181,657.0,Ignacio Scocco,Squad Club Atlético River Plate,"May 29, 1985 (33)",33,right,Forward,32.0,0.74,0.0,0.13,0.87,2.0,1.26,0.3,4.57,264.62
182,118186.0,Mauro Ortiz,Squad Club Atlético Talleres,"Dec 27, 1994 (23)",23,right,Midfielder,19.0,0.74,0.0,0.1,0.84,1.0,0.26,0.31,0.17,240.02
183,15339.0,Sebastián Prediger,Squad Club Atlético Tigre,"Sep 4, 1986 (32)",32,right,Midfielder,21.0,0.73,0.0,0.5,1.23,0.0,-0.73,0.11,0.23,1046.72
184,51413.0,Camilo Mayada,Squad Club Atlético River Plate,"Jan 8, 1991 (27)",27,right,Defender,18.0,0.73,0.0,0.05,0.78,1.0,0.27,0.11,1.71,621.97
185,94225.0,Joaquín Laso,Squad Club Atlético Vélez Sarsfield,"Jul 4, 1990 (28)",28,right,Defender,6.0,0.72,0.0,0.55,1.27,0.0,-0.72,0.11,0.34,1080.0
186,89000.0,Lautaro Comas,Squad Club Atlético Patronato de la Juventud Católica,"Jan 15, 1995 (23)",23,-,Forward,7.0,0.72,0.0,0.44,1.16,0.0,-0.72,0.13,0.17,791.43
187,120432.0,Andrés Cubas,Squad Club Atlético Talleres,"May 22, 1996 (22)",22,right,Midfielder,8.0,0.7,0.0,0.16,0.86,1.0,0.3,0.09,2.51,881.42
188,30105.0,Walter Andrade,Squad Club Atlético Patronato de la Juventud Católica,"Dec 1, 1984 (34)",34,right,Defender,2.0,0.7,0.0,0.25,0.95,0.0,-0.7,0.14,0.17,596.5
189,30896.0,Gastón Díaz,Squad Club Atlético Vélez Sarsfield,"Mar 13, 1988 (30)",30,right,Defender,24.0,0.7,0.0,0.36,1.06,0.0,-0.7,0.1,0.57,986.48
190,133281.0,Saúl Salcedo,Squad Club Atlético Huracán,"Aug 29, 1997 (21)",21,right,Defender,6.0,0.7,0.0,0.09,0.79,0.0,-0.7,0.07,2.01,1080.0
191,33058.0,Gustavo Bou,Squad Racing Club,"Feb 18, 1990 (28)",28,right,Forward,7.0,0.69,0.0,0.44,1.13,1.0,0.31,0.35,5.71,292.0
192,25625.0,Carlos Quintana,Squad Club Atlético Talleres,"Feb 11, 1988 (30)",30,right,Defender,2.0,0.69,0.0,0.37,1.06,0.0,-0.69,0.12,1.71,787.7
193,126.0,Jesús Dátolo,Squad Club Atlético Banfield,"May 19, 1984 (34)",34,left,Midfielder,10.0,0.69,0.0,0.13,0.82,2.0,1.31,0.12,0.86,625.55
194,43831.0,Ciro Rius,Squad Club Social y Deportivo Defensa y Justicia,"Oct 27, 1988 (30)",30,right,Forward,12.0,0.69,0.0,0.41,1.1,1.0,0.31,0.11,0.69,895.05
195,30027.0,Juan Mattia,Squad Club Atlético San Martín (SJ),"Jun 24, 1988 (30)",30,right,Defender,2.0,0.69,0.0,0.1,0.79,1.0,0.31,0.11,0.4,630.0
196,69646.0,Alan Ruiz,Squad Club Atlético Colón,"Aug 19, 1993 (25)",25,left,Forward,10.0,0.68,0.0,0.42,1.1,0.0,-0.68,0.21,4.57,479.78
197,87424.0,Fernando Zuqui,Squad Club Estudiantes de La Plata,"Nov 27, 1991 (27)",27,right,Midfielder,5.0,0.68,0.0,0.32,1.0,1.0,0.32,0.1,1.71,925.0
198,138026.0,Franco Zuculini,Squad Club Atlético Colón,"Sep 5, 1990 (28)",28,right,Midfielder,18.0,0.68,0.0,0.28,0.96,0.0,-0.68,0.11,0.69,772.2
199,193905.0,Julián Carranza,Squad Club Atlético Banfield,"May 22, 2000 (18)",18,right,Forward,21.0,0.68,0.0,0.34,1.02,1.0,0.32,0.24,2.29,385.9
200,97535.0,Cristian Espinoza,Squad Club Atlético Boca Juniors,"Apr 3, 1995 (23)",23,right,Forward,11.0,0.67,0.0,0.4,1.07,2.0,1.33,0.32,1.71,297.1
201,48268.0,Pablo Pérez,Squad Club Atlético Boca Juniors,"Aug 10, 1985 (33)",33,right,Midfielder,8.0,0.66,0.0,0.56,1.22,0.0,-0.66,0.33,2.29,328.63
202,23123.0,Renato Civelli,Squad Club Atlético Banfield,"Oct 14, 1983 (35)",35,right,Defender,2.0,0.65,0.0,0.22,0.87,0.0,-0.65,0.06,0.57,1260.0
203,146831.0,Stefano Callegari,Squad Club Atlético Newell's Old Boys,"Jan 6, 1997 (21)",21,right,Defender,29.0,0.65,0.0,0.33,0.98,0.0,-0.65,0.11,0.06,810.0
204,17110.0,Pablo Mouche,Squad Club Atlético San Lorenzo de Almagro,"Oct 11, 1987 (31)",31,left,Midfielder,37.0,0.63,0.0,0.25,0.88,0.0,-0.63,0.12,1.14,634.8
205,104594.0,Leonardo Godoy,Squad Club Atlético Talleres,"Apr 28, 1995 (23)",23,right,Defender,25.0,0.62,0.0,0.52,1.14,0.0,-0.62,0.08,2.01,1232.28
206,8995.0,Javier Toledo,Squad Club Atlético Tucumán,"Apr 24, 1986 (32)",32,right,Forward,12.0,0.62,0.0,0.38,1.0,0.0,-0.62,0.55,0.34,162.9
207,117605.0,Kevin Ramírez,Squad Club Atlético Tigre,"Apr 1, 1994 (24)",24,left,Forward,27.0,0.6,0.0,0.0,0.6,0.0,-0.6,0.29,1.55,184.92
208,176537.0,Maximiliano Comba,Squad Club de Gimnasia y Esgrima La Plata,"Jan 16, 1994 (24)",24,right,Midfielder,30.0,0.6,0.0,0.0,0.6,1.0,0.4,0.13,,414.18
209,45401.0,Danilo Ortiz,Squad Club Atlético Banfield,"May 28, 1992 (26)",26,left,Defender,6.0,0.6,0.0,0.38,0.98,0.0,-0.6,0.11,0.57,801.95
210,96298.0,Iván Ramírez,Squad Club Deportivo Godoy Cruz Antonio Tomba,"Dec 8, 1994 (23)",23,right,Midfielder,15.0,0.59,0.0,0.48,1.07,0.0,-0.59,0.18,0.29,549.3
211,122008.0,Yeimar Gómez Andrade,Squad Club Atlético Unión (Santa Fe),"Jun 30, 1992 (26)",26,right,Defender,28.0,0.59,0.0,0.47,1.06,1.0,0.41,0.08,2.29,1260.0
212,70941.0,Gonzalo Bueno,Squad Club Atlético Colón,"Jan 16, 1993 (25)",25,left,Forward,7.0,0.59,0.0,0.11,0.7,2.0,1.41,0.25,0.74,252.72
213,407.0,Fernando Belluschi,Squad Club Atlético San Lorenzo de Almagro,"Sep 10, 1983 (35)",35,both,Midfielder,16.0,0.59,0.0,0.18,0.77,0.0,-0.59,0.13,2.58,538.85
214,96440.0,Leonel Miranda,Squad Club Social y Deportivo Defensa y Justicia,"Jan 7, 1994 (24)",24,right,Midfielder,10.0,0.58,0.0,0.23,0.81,0.0,-0.58,0.06,1.71,1203.97
215,35300.0,Mathías Abero,Squad Club Atlético Tucumán,"Apr 9, 1990 (28)",28,left,Defender,16.0,0.58,0.0,0.1,0.68,1.0,0.42,0.06,0.23,1080.0
216,173030.0,Gastón Lodico,Squad Club Atlético Lanús,"May 28, 1998 (20)",20,right,Midfielder,16.0,0.57,0.0,0.15,0.72,1.0,0.43,0.18,1.14,366.25
217,140.0,Pablo Álvarez,Squad Club Atlético Huracán,"Apr 17, 1984 (34)",34,right,Defender,3.0,0.56,0.0,0.0,0.56,0.0,-0.56,0.08,0.34,612.02
218,126700.0,Nicolás Giménez,Squad Club Atlético San Martín (Tucumán),"Jan 16, 1996 (22)",22,right,Midfielder,31.0,0.55,0.0,0.2,0.75,1.0,0.45,0.17,0.46,408.3
219,114498.0,Iván Colman,Squad Club Atlético Aldosivi,"May 6, 1995 (23)",23,right,Midfielder,28.0,0.55,0.0,0.24,0.79,1.0,0.45,0.08,0.57,896.83
220,728.0,Fernando Gago,Squad Club Atlético Boca Juniors,"Apr 10, 1986 (32)",32,right,Midfielder,5.0,0.55,0.0,0.49,1.04,0.0,-0.55,0.13,2.29,720.0
221,27793.0,Gonzalo Castillejos,Squad Club Atlético San Martín (SJ),"Mar 5, 1986 (32)",32,right,Forward,20.0,0.55,0.0,0.43,0.98,0.0,-0.55,0.42,0.29,211.1
222,51618.0,Marcelo Larrondo,Squad Club Social y Deportivo Defensa y Justicia,"Aug 16, 1988 (30)",30,right,Forward,16.0,0.55,0.0,0.43,0.98,1.0,0.45,0.61,1.14,144.95
223,116196.0,Juan Cruz Komar,Squad Club Atlético Talleres,"Aug 13, 1996 (22)",22,right,Defender,6.0,0.55,0.0,0.0,0.55,0.0,-0.55,0.06,4.0,900.0
224,179703.0,Sebastián Villa,Squad Club Atlético Boca Juniors,"May 19, 1996 (22)",22,right,Forward,22.0,0.53,0.0,0.35,0.88,2.0,1.47,0.16,0.91,488.23
225,95256.0,Marcelo Herrera,Squad Club Atlético Lanús,"Feb 26, 1992 (26)",26,right,Defender,2.0,0.53,0.0,0.0,0.53,0.0,-0.53,0.18,3.43,270.0
226,57549.0,Nicolás Domingo,Squad Club Atlético Independiente,"Aug 4, 1985 (33)",33,right,Midfielder,5.0,0.52,0.0,0.31,0.83,0.0,-0.52,0.07,0.86,1075.07
227,17276.0,Adrián Calello,Squad Club Atlético Banfield,"May 14, 1987 (31)",31,right,Midfielder,7.0,0.52,0.0,0.16,0.68,1.0,0.48,0.06,0.34,1078.2
228,146048.0,Braian Cufré,Squad Club Atlético Vélez Sarsfield,"Dec 15, 1996 (21)",21,left,Defender,3.0,0.52,0.0,0.22,0.74,2.0,1.48,0.07,0.91,895.93
229,57154.0,Marcos Figueroa,Squad Club Atlético San Martín (Tucumán),"Jan 18, 1990 (28)",28,right,Forward,19.0,0.52,0.0,0.43,0.95,0.0,-0.52,0.29,1.71,290.38
230,582.0,Jonathan Bottinelli,Squad Club Atlético Unión (Santa Fe),"Sep 14, 1984 (34)",34,left,Defender,33.0,0.51,0.0,0.14,0.65,0.0,-0.51,0.05,0.51,1170.0
231,206572.0,Valentín Burgoa,Squad Club Deportivo Godoy Cruz Antonio Tomba,"Jan 8, 2000 (18)",18,left,Forward,39.0,0.5,0.0,0.21,0.71,1.0,0.5,0.14,,470.4
232,51466.0,Santiago Zurbriggen,Squad Club Atlético Unión (Santa Fe),"Jan 27, 1990 (28)",28,right,Defender,20.0,0.5,0.0,0.45,0.95,1.0,0.5,0.29,0.4,298.38
233,100786.0,Matías Romero,Squad Asociación Atlética Argentinos Juniors,"Feb 1, 1996 (22)",22,right,Midfielder,26.0,0.49,0.0,0.23,0.72,0.0,-0.49,0.15,,436.15
234,57885.0,Federico Carrizo,Squad Club Atlético Rosario Central,"May 17, 1991 (27)",27,right,Midfielder,8.0,0.49,0.0,0.28,0.77,0.0,-0.49,0.08,1.71,849.08
235,198280.0,Juan Ignacio Méndez,Squad Asociación Atlética Argentinos Juniors,"Apr 28, 1997 (21)",21,right,Midfielder,14.0,0.49,0.0,0.32,0.81,0.0,-0.49,0.12,0.11,604.02
236,137870.0,Alejandro Altuna,Squad Club Atlético San Martín (Tucumán),"Jan 19, 1992 (26)",26,right,Midfielder,5.0,0.49,0.0,0.0,0.49,0.0,-0.49,0.15,,291.07
237,94781.0,Franco Costa,Squad Club Atlético San Martín (Tucumán),"Dec 10, 1991 (26)",26,-,Forward,11.0,0.48,0.0,0.12,0.6,1.0,0.52,0.3,0.09,178.13
238,4818.0,Andrés Lamas,Squad Club Atlético Tucumán,"Jan 16, 1984 (34)",34,left,Defender,39.0,0.48,0.0,0.34,0.82,0.0,-0.48,0.18,0.11,414.12
239,44771.0,Lucas Orban,Squad Racing Club,"Feb 3, 1989 (29)",29,left,Defender,6.0,0.48,0.0,0.48,0.96,0.0,-0.48,0.08,0.57,1053.42
240,28823.0,Diego Cardozo,Squad Club Atlético San Martín (SJ),"Jun 2, 1987 (31)",31,left,Midfielder,30.0,0.47,0.0,0.06,0.53,1.0,0.53,0.17,0.34,276.53
241,34042.0,Ricardo Noir,Squad Club Atlético Tucumán,"Feb 26, 1987 (31)",31,right,Midfielder,22.0,0.47,0.0,0.0,0.47,1.0,0.53,0.2,0.29,210.32
242,34042.0,Ricardo Noir,Squad Club Atlético Tucumán,"Mar 12, 1995 (23)",23,right,Midfielder,22.0,0.47,0.0,0.0,0.47,1.0,0.53,0.2,0.46,210.32
243,173015.0,Nicolás Thaller,Squad Club Atlético Lanús,"Sep 7, 1998 (20)",20,right,Defender,29.0,0.47,0.0,0.12,0.59,1.0,0.53,0.09,0.17,562.6
244,36117.0,Fabián Rinaudo,Squad Club de Gimnasia y Esgrima La Plata,"May 8, 1987 (31)",31,right,Midfielder,21.0,0.47,0.0,0.21,0.68,0.0,-0.47,0.06,0.86,1080.0
245,16225.0,Federico Mancinelli,Squad Club Atlético Huracán,"May 8, 1982 (36)",36,right,Defender,2.0,0.45,0.0,0.23,0.68,0.0,-0.45,0.06,0.17,990.0
246,88395.0,Leonel Di Plácido,Squad Club Atlético Lanús,"Jan 28, 1994 (24)",24,right,Defender,26.0,0.45,0.0,0.0,0.45,0.0,-0.45,0.04,0.91,1084.13
247,4298.0,Marcelo Díaz,Squad Racing Club,"Dec 30, 1986 (31)",31,right,Midfielder,21.0,0.45,0.0,0.16,0.61,0.0,-0.45,0.07,2.86,764.73
248,32264.0,Mauro Guevgeozian,Squad Club de Gimnasia y Esgrima La Plata,"May 10, 1986 (32)",32,right,Forward,18.0,0.45,0.0,0.1,0.55,1.0,0.55,0.13,0.69,391.42
249,47808.0,Leonel Galeano,Squad Club Atlético Aldosivi,"Aug 2, 1991 (27)",27,right,Defender,6.0,0.45,0.0,0.19,0.64,0.0,-0.45,0.07,0.69,811.52
250,51.0,Leonardo Pisculichi,Squad Asociación Atlética Argentinos Juniors,"Jan 18, 1984 (34)",34,left,Midfielder,18.0,0.44,0.0,0.05,0.49,0.0,-0.44,0.08,0.57,572.72
251,31274.0,Mariano Bíttolo,Squad Club Atlético Newell's Old Boys,"Apr 24, 1990 (28)",28,left,Defender,28.0,0.44,0.0,0.39,0.83,0.0,-0.44,0.08,0.69,949.32
252,134676.0,Guido Mainero,Squad Club Atlético Vélez Sarsfield,"Mar 23, 1995 (23)",23,right,Midfielder,7.0,0.44,0.0,0.39,0.83,0.0,-0.44,0.32,0.46,233.12
253,153417.0,Lucas Martínez Quarta,Squad Club Atlético River Plate,"May 10, 1996 (22)",22,right,Defender,28.0,0.44,0.0,0.31,0.75,0.0,-0.44,0.15,7.43,450.0
254,105543.0,Nicolás Figal,Squad Club Atlético Independiente,"Apr 3, 1994 (24)",24,right,Defender,4.0,0.44,0.0,0.12,0.56,0.0,-0.44,0.07,5.14,716.85
255,103166.0,Federico Álvarez,Squad Club Atlético Belgrano,"Aug 7, 1994 (24)",24,left,Defender,24.0,0.43,0.0,0.0,0.43,0.0,-0.43,1.14,0.51,33.8
256,172566.0,Bautista Merlini,Squad Club Atlético San Lorenzo de Almagro,"Jul 4, 1995 (23)",23,right,Midfielder,11.0,0.43,0.0,0.16,0.59,0.0,-0.43,0.15,2.86,355.35
257,121313.0,Favio Álvarez,Squad Club Atlético Tucumán,"Jan 23, 1993 (25)",25,right,Midfielder,11.0,0.42,0.0,0.25,0.67,1.0,0.58,0.4,0.57,151.78
258,193561.0,Tomás Cuello,Squad Club Atlético Tucumán,"Mar 5, 2000 (18)",18,right,Midfielder,28.0,0.41,0.0,0.24,0.65,0.0,-0.41,0.54,0.06,107.78
259,210465.0,Ignacio Aliseda,Squad Club Social y Deportivo Defensa y Justicia,"Mar 14, 2000 (18)",18,both,Midfielder,31.0,0.41,0.0,0.3,0.71,1.0,0.59,0.16,,388.42
260,126644.0,Gabriel Alanís,Squad Club Atlético Belgrano,"Mar 16, 1994 (24)",24,left,Defender,22.0,0.4,0.0,0.0,0.4,0.0,-0.4,0.04,0.23,814.05
261,16599.0,Bruno Bianchi,Squad Club Atlético Tucumán,"Feb 17, 1989 (29)",29,right,Defender,2.0,0.4,0.0,0.0,0.4,1.0,0.6,0.04,0.69,935.88
262,101036.0,Joel Soñora,Squad Club Atlético Talleres,"Sep 15, 1996 (22)",22,right,Midfielder,21.0,0.4,0.0,0.27,0.67,0.0,-0.4,0.26,0.17,232.82
263,69857.0,Juan Ignacio Sills,Squad Club Atlético Newell's Old Boys,"May 4, 1987 (31)",31,right,Midfielder,21.0,0.4,0.0,0.2,0.6,0.0,-0.4,0.12,0.23,464.92
264,209194.0,Elías Pereyra,Squad Club Atlético San Lorenzo de Almagro,"Feb 15, 1999 (19)",19,left,Defender,21.0,0.4,0.0,0.4,0.8,0.0,-0.4,0.08,,865.1
265,89096.0,Lucas Villalba,Squad Club Atlético Aldosivi,"Aug 19, 1994 (24)",24,left,Defender,23.0,0.4,0.0,0.12,0.52,1.0,0.6,0.04,1.44,1158.05
266,103961.0,Emanuel Cecchini,Squad Club Atlético Banfield,"Dec 24, 1996 (21)",21,right,Midfielder,5.0,0.39,0.0,0.15,0.54,0.0,-0.39,0.11,1.71,446.38
267,44480.0,Jorge Pereyra Díaz,Squad Club Atlético Lanús,"Aug 5, 1990 (28)",28,right,Forward,14.0,0.39,0.0,0.23,0.62,0.0,-0.39,0.13,1.14,436.37
268,8951.0,Matías Caruzzo,Squad Club Atlético Rosario Central,"Aug 15, 1984 (34)",34,right,Defender,2.0,0.38,0.0,0.26,0.64,1.0,0.62,0.06,0.86,900.0
269,124151.0,Alfio Oviedo,Squad Club Atlético Newell's Old Boys,"Dec 18, 1995 (22)",22,right,Forward,19.0,0.38,0.0,0.38,0.76,1.0,0.62,0.26,0.29,258.13
270,33562.0,Gastón Bojanich,Squad Asociación Atlética Argentinos Juniors,"Apr 23, 1985 (33)",33,left,Defender,23.0,0.38,0.0,0.21,0.59,0.0,-0.38,0.05,0.23,1170.0
271,151431.0,Joaquín Torres,Squad Club Atlético Newell's Old Boys,"Jan 28, 1997 (21)",21,right,Midfielder,18.0,0.37,0.0,0.07,0.44,0.0,-0.37,0.25,1.71,160.3
272,37104.0,Ramón Ábila,Squad Club Atlético Boca Juniors,"Oct 14, 1989 (29)",29,right,Forward,17.0,0.37,0.0,0.07,0.44,1.0,0.63,0.15,6.86,262.57
273,376.0,Matías Pérez García,Squad Club Atlético Tigre,"Oct 13, 1984 (34)",34,left,Midfielder,10.0,0.37,0.0,0.21,0.58,0.0,-0.37,0.09,0.34,573.45
274,126560.0,Jorge Rodríguez,Squad Club Atlético Banfield,"Sep 15, 1995 (23)",23,right,Defender,30.0,0.36,0.0,0.05,0.41,0.0,-0.36,0.05,0.8,720.0
275,55204.0,Diego Sosa,Squad Club Deportivo Godoy Cruz Antonio Tomba,"Oct 24, 1991 (27)",27,right,Midfielder,20.0,0.36,0.0,0.16,0.52,0.0,-0.36,0.07,0.23,630.43
276,44271.0,Maximiliano Lugo,Squad Club Atlético Belgrano,"Dec 4, 1989 (28)",28,left,Midfielder,16.0,0.36,0.0,0.1,0.46,1.0,0.64,0.08,0.4,513.38
277,97643.0,Fabrizio Angileri,Squad Club Deportivo Godoy Cruz Antonio Tomba,"Apr 15, 1994 (24)",24,left,Defender,21.0,0.35,0.0,0.1,0.45,0.0,-0.35,0.03,2.86,1238.23
278,66889.0,Gastón Campi,Squad Club Estudiantes de La Plata,"Apr 6, 1991 (27)",27,left,Defender,15.0,0.35,0.0,0.0,0.35,0.0,-0.35,0.05,1.71,582.88
279,106093.0,Gonzalo Piovi,Squad Club de Gimnasia y Esgrima La Plata,"Sep 8, 1994 (24)",24,left,Defender,3.0,0.35,0.0,0.22,0.57,0.0,-0.35,0.06,0.57,810.0
280,172568.0,Domingo Blanco,Squad Club Social y Deportivo Defensa y Justicia,"Apr 22, 1995 (23)",23,right,Forward,8.0,0.35,0.0,0.15,0.5,0.0,-0.35,0.04,0.4,1050.43
281,375.0,Matías Fritzler,Squad Club Atlético Colón,"Aug 23, 1986 (32)",32,right,Midfielder,5.0,0.35,0.0,0.17,0.52,0.0,-0.35,0.04,0.57,1102.92
282,66623.0,Oscar Benítez,Squad Asociación Atlética Argentinos Juniors,"Jan 14, 1993 (25)",25,right,Forward,9.0,0.35,0.0,0.21,0.56,0.0,-0.35,0.1,1.71,519.07
283,158965.0,Bruno Pittón,Squad Club Atlético Unión (Santa Fe),"Feb 11, 1993 (25)",25,left,Defender,14.0,0.35,0.0,0.16,0.51,0.0,-0.35,0.05,1.44,842.47
284,53904.0,Bruno Zuculini,Squad Club Atlético River Plate,"Apr 2, 1993 (25)",25,right,Midfielder,5.0,0.35,0.0,0.0,0.35,0.0,-0.35,0.05,2.86,658.23
285,147633.0,Nahuel Estévez,Squad Club Estudiantes de La Plata,"Nov 14, 1995 (23)",23,right,Midfielder,24.0,0.35,0.0,0.3,0.65,1.0,0.65,0.16,,374.18
286,172559.0,Marcos Senesi,Squad Club Atlético San Lorenzo de Almagro,"May 10, 1997 (21)",21,left,Defender,6.0,0.34,0.0,0.15,0.49,0.0,-0.34,0.04,2.06,1170.0
287,78833.0,Nicolás Pasquini,Squad Club Atlético Lanús,"Jan 2, 1991 (27)",27,left,Defender,21.0,0.34,0.0,0.24,0.58,0.0,-0.34,0.04,2.86,1350.0
288,127161.0,Mauricio Tévez,Squad Club Social y Deportivo Defensa y Justicia,"Jul 31, 1996 (22)",22,right,Forward,32.0,0.34,0.0,0.28,0.62,0.0,-0.34,0.28,1.71,200.05
289,42356.0,Maximiliano Coronel,Squad Club de Gimnasia y Esgrima La Plata,"Apr 28, 1989 (29)",29,right,Defender,23.0,0.34,0.0,0.29,0.63,0.0,-0.34,0.05,0.34,1120.82
290,8670.0,Guillermo Burdisso,Squad Club Atlético Independiente,"Sep 26, 1988 (30)",30,right,Defender,3.0,0.33,0.0,0.23,0.56,0.0,-0.33,0.1,2.06,505.2
291,55627.0,Nahuel Yeri,Squad Club Atlético Aldosivi,"Nov 12, 1991 (27)",27,right,Midfielder,25.0,0.33,0.0,0.05,0.38,0.0,-0.33,0.04,0.37,874.47
292,137579.0,Emiliano Amor,Squad Club Atlético Aldosivi,"May 16, 1995 (23)",23,right,Defender,32.0,0.33,0.0,0.13,0.46,0.0,-0.33,0.04,0.91,1170.0
293,126637.0,Santiago Rosales,Squad Club de Gimnasia y Esgrima La Plata,"Mar 22, 1995 (23)",23,right,Midfielder,10.0,0.32,0.0,0.22,0.54,0.0,-0.32,0.13,2.74,365.3
294,1655.0,Fabricio Coloccini,Squad Club Atlético San Lorenzo de Almagro,"Jan 22, 1982 (36)",36,right,Defender,32.0,0.32,0.0,0.32,0.64,0.0,-0.32,0.11,0.69,540.0
295,24111.0,Víctor Ayala,Squad Club de Gimnasia y Esgrima La Plata,"Jan 1, 1988 (30)",30,right,Midfielder,16.0,0.31,0.0,0.16,0.47,0.0,-0.31,0.18,0.57,239.13
296,45616.0,Fernando Godoy,Squad Club Atlético Aldosivi,"May 1, 1990 (28)",28,right,Midfielder,15.0,0.31,0.0,0.16,0.47,0.0,-0.31,0.04,0.57,942.7
297,479.0,Carlos Araujo,Squad Club Atlético Huracán,"Nov 19, 1981 (37)",37,right,Defender,4.0,0.31,0.0,0.1,0.41,1.0,0.69,0.07,0.17,540.0
298,115360.0,Jonathan Cabral,Squad Club Atlético Tucumán,"May 10, 1992 (26)",26,right,Defender,31.0,0.31,0.0,0.19,0.5,0.0,-0.31,0.04,0.69,1170.0
299,144877.0,Matías Escudero,Squad Club Atlético Patronato de la Juventud Católica,"Dec 15, 1988 (29)",29,right,Defender,6.0,0.31,0.0,0.2,0.51,0.0,-0.31,0.12,0.57,381.33
300,101432.0,Manuel De Iriondo,Squad Club Atlético Unión (Santa Fe),"May 6, 1993 (25)",25,right,Midfielder,23.0,0.31,0.0,0.1,0.41,0.0,-0.31,0.1,0.29,369.78
301,170137.0,Agustín Almendra,Squad Club Atlético Boca Juniors,"Feb 11, 2000 (18)",18,right,Midfielder,39.0,0.31,0.0,0.11,0.42,0.0,-0.31,0.05,0.57,807.57
302,95547.0,Osmar Leguizamón,Squad Club Deportivo Godoy Cruz Antonio Tomba,"May 11, 1994 (24)",24,right,Midfielder,27.0,0.31,0.0,0.05,0.36,0.0,-0.31,0.11,,288.8
303,46601.0,Jorge Moreira,Squad Club Atlético River Plate,"Feb 1, 1990 (28)",28,right,Defender,4.0,0.3,0.0,0.25,0.55,0.0,-0.3,0.08,1.71,603.53
304,205120.0,Emanuel Iñíguez,Squad Club Atlético Aldosivi,"Sep 16, 1996 (22)",22,right,Defender,21.0,0.3,0.0,0.11,0.41,0.0,-0.3,0.04,,930.47
305,56334.0,Fabián Espíndola,Squad Club Atlético San Martín (Tucumán),"May 4, 1985 (33)",33,both,Forward,14.0,0.3,0.0,0.13,0.43,0.0,-0.3,0.13,0.57,305.05
306,173026.0,Matías Nani,Squad Club Atlético Belgrano,"Mar 26, 1998 (20)",20,left,Defender,6.0,0.3,0.0,0.19,0.49,0.0,-0.3,0.08,0.09,540.0
307,16011.0,Clemente Rodríguez,Squad Club Atlético Colón,"Jul 31, 1981 (37)",37,left,Defender,3.0,0.29,0.0,0.24,0.53,1.0,0.71,0.14,0.34,351.62
308,79856.0,Guillermo Ortiz,Squad Club Atlético Colón,"Aug 9, 1992 (26)",26,left,Defender,24.0,0.29,0.0,0.24,0.53,0.0,-0.29,0.06,3.15,817.78
309,76105.0,Leonardo Jara,Squad Club Atlético Boca Juniors,"May 20, 1991 (27)",27,right,Defender,29.0,0.28,0.0,0.14,0.42,0.0,-0.28,0.12,4.0,310.8
310,119150.0,Nahitan Nández,Squad Club Atlético Boca Juniors,"Dec 28, 1995 (22)",22,right,Midfielder,15.0,0.28,0.0,0.28,0.56,0.0,-0.28,0.11,10.86,441.62
311,176520.0,Juan Rodríguez,Squad Club Atlético San Martín (SJ),"Feb 28, 1994 (24)",24,right,Defender,18.0,0.28,0.0,0.1,0.38,0.0,-0.28,0.09,,374.37
312,105873.0,Francisco Grahl,Squad Club Atlético San Martín (SJ),"Mar 5, 1992 (26)",26,left,Midfielder,26.0,0.28,0.0,0.19,0.47,0.0,-0.28,0.13,0.34,335.77
313,593.0,Jorge Ortiz,Squad Club Atlético Tigre,"Jun 20, 1984 (34)",34,right,Midfielder,22.0,0.27,0.0,0.22,0.49,0.0,-0.27,0.08,0.34,565.9
314,136947.0,Nicolás Da Campo,Squad Club Atlético San Martín (SJ),"Aug 6, 1994 (24)",24,right,Midfielder,21.0,0.27,0.0,0.1,0.37,0.0,-0.27,0.17,0.69,195.43
315,94965.0,Hernán Petryk,Squad Club Atlético San Martín (Tucumán),"Oct 21, 1994 (24)",24,right,Defender,32.0,0.27,0.0,0.19,0.46,0.0,-0.27,0.05,0.34,822.23
316,39790.0,Facundo Sánchez,Squad Club Estudiantes de La Plata,"Mar 7, 1990 (28)",28,right,Defender,14.0,0.27,0.0,0.27,0.54,0.0,-0.27,0.04,2.86,1201.13
317,179441.0,Maximiliano Lovera,Squad Club Atlético Rosario Central,"Mar 9, 1999 (19)",19,right,Forward,34.0,0.26,0.0,0.15,0.41,0.0,-0.26,0.1,2.86,358.0
318,28114.0,Maximiliano Caire,Squad Club Atlético Tigre,"Jul 12, 1988 (30)",30,right,Defender,32.0,0.26,0.0,0.16,0.42,0.0,-0.26,0.07,0.4,516.88
319,198924.0,Juan Pablo Álvarez,Squad Club Atlético Banfield,"Feb 10, 1996 (22)",22,right,Midfielder,22.0,0.26,0.0,0.16,0.42,0.0,-0.26,0.11,0.17,339.3
320,215882.0,Manuel Insaurralde,Squad Club Atlético San Lorenzo de Almagro,"Jan 31, 1999 (19)",19,right,Midfielder,36.0,0.26,0.0,0.0,0.26,0.0,-0.26,0.06,,361.13
321,146440.0,Diego Valoyes,Squad Club Atlético Talleres,"Sep 22, 1996 (22)",22,right,Forward,18.0,0.26,0.0,0.06,0.32,0.0,-0.26,0.21,0.57,138.3
322,173021.0,Leandro Maciel,Squad Club Atlético Lanús,"Dec 29, 1995 (22)",22,right,Midfielder,5.0,0.25,0.0,0.05,0.3,1.0,0.75,0.05,0.46,552.9
323,52386.0,Gonzalo Verón,Squad Club Atlético Independiente,"Dec 24, 1989 (28)",28,right,Midfielder,30.0,0.25,0.0,0.07,0.32,0.0,-0.25,0.11,0.86,256.8
324,8903.0,Jonatan Maidana,Squad Club Atlético River Plate,"Jul 29, 1985 (33)",33,right,Defender,2.0,0.25,0.0,0.12,0.37,0.0,-0.25,0.07,1.71,450.0
325,57586.0,Gustavo Toledo,Squad Club Atlético Colón,"Sep 19, 1989 (29)",29,right,Defender,2.0,0.25,0.0,0.05,0.3,0.0,-0.25,0.02,1.03,1350.0
326,89354.0,Nery Domínguez,Squad Racing Club,"Apr 9, 1990 (28)",28,right,Midfielder,23.0,0.24,0.0,0.14,0.38,0.0,-0.24,0.05,1.14,651.23
327,193186.0,Gonzalo Asís,Squad Club Atlético Independiente,"Mar 28, 1996 (22)",22,right,Defender,15.0,0.24,0.0,0.09,0.33,0.0,-0.24,0.18,,161.57
328,3099.0,Israel Damonte,Squad Club Atlético Huracán,"Jan 6, 1982 (36)",36,right,Midfielder,5.0,0.24,0.0,0.05,0.29,0.0,-0.24,0.03,0.29,920.45
329,209377.0,Andrés Lioi,Squad Club Atlético Rosario Central,"Mar 7, 1997 (21)",21,right,Midfielder,18.0,0.24,0.0,0.15,0.39,0.0,-0.24,0.09,1.14,380.63
330,174238.0,José Correia,Squad Club Atlético Newell's Old Boys,"Apr 17, 1990 (28)",28,left,Forward,30.0,0.24,0.0,0.0,0.24,0.0,-0.24,1.08,,20.08
331,174238.0,José Correia,Squad Club Atlético Newell's Old Boys,"Oct 22, 1996 (22)",22,left,Forward,30.0,0.24,0.0,0.0,0.24,0.0,-0.24,1.08,0.17,20.08
332,209474.0,Jerónimo Cacciabue,Squad Club Atlético Newell's Old Boys,"Jan 24, 1998 (20)",20,right,Midfielder,31.0,0.24,0.0,0.05,0.29,0.0,-0.24,0.05,0.34,579.28
333,89017.0,Christian Bernardi,Squad Club Atlético Colón,"Apr 10, 1990 (28)",28,right,Midfielder,23.0,0.23,0.0,0.0,0.23,0.0,-0.23,0.05,0.69,395.43
334,16183.0,Julio Buffarini,Squad Club Atlético Boca Juniors,"Aug 18, 1988 (30)",30,right,Defender,4.0,0.23,0.0,0.05,0.28,1.0,0.77,0.05,2.29,540.0
335,96979.0,Federico Gino,Squad Club Atlético Aldosivi,"Feb 26, 1993 (25)",25,right,Midfielder,29.0,0.23,0.0,0.13,0.36,0.0,-0.23,0.07,0.31,444.85
336,51917.0,Facundo Quignón,Squad Club Atlético Lanús,"May 2, 1993 (25)",25,left,Midfielder,19.0,0.23,0.0,0.0,0.23,0.0,-0.23,0.02,2.29,841.25
337,106024.0,Agustín Sandona,Squad Club Atlético Patronato de la Juventud Católica,"May 1, 1993 (25)",25,right,Defender,34.0,0.23,0.0,0.13,0.36,0.0,-0.23,0.05,0.34,630.0
338,100662.0,Aldo Araujo,Squad Club Atlético Talleres,"Jan 3, 1992 (26)",26,right,Forward,11.0,0.22,0.0,0.12,0.34,0.0,-0.22,0.18,0.4,171.23
339,63477.0,Ignacio Fernández,Squad Club Atlético River Plate,"Jan 12, 1990 (28)",28,left,Midfielder,26.0,0.22,0.0,0.11,0.33,0.0,-0.22,0.06,5.14,497.02
340,148044.0,Exequiel Palacios,Squad Club Atlético River Plate,"Oct 5, 1998 (20)",20,right,Midfielder,15.0,0.22,0.0,0.11,0.33,1.0,0.78,0.07,4.29,429.17
341,60018.0,Rafael Delgado,Squad Club Social y Deportivo Defensa y Justicia,"Jan 13, 1990 (28)",28,left,Defender,33.0,0.22,0.0,0.1,0.32,0.0,-0.22,0.04,1.71,664.73
342,61653.0,Paolo Goltz,Squad Club Atlético Boca Juniors,"May 12, 1985 (33)",33,right,Defender,2.0,0.22,0.0,0.22,0.44,0.0,-0.22,0.04,2.06,894.02
343,79278.0,Gastón Silva,Squad Club Atlético Independiente,"Mar 5, 1994 (24)",24,left,Defender,20.0,0.22,0.0,0.0,0.22,0.0,-0.22,0.03,2.86,720.0
344,167929.0,Braian Rivero,Squad Club Atlético Newell's Old Boys,"Feb 22, 1996 (22)",22,right,Midfielder,8.0,0.21,0.0,0.1,0.31,0.0,-0.21,0.04,0.29,697.93
345,26050.0,Ariel Rojas,Squad Club Atlético San Lorenzo de Almagro,"Jan 16, 1986 (32)",32,left,Midfielder,5.0,0.21,0.0,0.15,0.36,0.0,-0.21,0.06,1.14,578.35
346,128296.0,Mariano Bareiro,Squad Club Social y Deportivo Defensa y Justicia,"Mar 8, 1995 (23)",23,right,Defender,5.0,0.21,0.0,0.0,0.21,0.0,-0.21,0.04,1.14,525.47
347,97571.0,Iván Rossi,Squad Club Atlético Huracán,"Nov 1, 1993 (25)",25,left,Midfielder,15.0,0.21,0.0,0.0,0.21,0.0,-0.21,0.02,0.57,1080.0
348,629.0,Jonás Gutiérrez,Squad Club Social y Deportivo Defensa y Justicia,"Jul 5, 1983 (35)",35,right,Midfielder,23.0,0.21,0.0,0.21,0.42,0.0,-0.21,0.23,0.86,161.15
349,87515.0,Nicolás Pantaleone,Squad Club Atlético Patronato de la Juventud Católica,"Dec 28, 1996 (21)",21,-,Defender,25.0,0.21,0.0,0.0,0.21,0.0,-0.21,0.03,,630.0
350,59721.0,Franco Mussis,Squad Club Atlético San Lorenzo de Almagro,"Apr 19, 1992 (26)",26,both,Midfielder,7.0,0.21,0.0,0.11,0.32,1.0,0.79,0.07,2.06,396.32
351,45619.0,Nelson Acevedo,Squad Club Atlético Unión (Santa Fe),"Jul 11, 1988 (30)",30,right,Midfielder,5.0,0.21,0.0,0.1,0.31,0.0,-0.21,0.03,0.69,984.22
352,199229.0,Alexis Rodríguez,Squad Club Atlético Newell's Old Boys,"Mar 21, 1996 (22)",22,right,Midfielder,14.0,0.21,0.0,0.05,0.26,1.0,0.79,0.46,0.29,51.13
353,69819.0,Dardo Miloc,Squad Club Atlético Aldosivi,"Oct 16, 1990 (28)",28,right,Midfielder,5.0,0.21,0.0,0.21,0.42,0.0,-0.21,0.12,0.4,315.0
354,49644.0,Mauro Maidana,Squad Asociación Atlética Argentinos Juniors,"Jul 12, 1990 (28)",28,left,Defender,3.0,0.2,0.0,0.2,0.4,0.0,-0.2,0.2,0.23,180.0
355,209302.0,Walter Pérez,Squad Club Atlético Huracán,"Oct 23, 1998 (20)",20,left,Midfielder,13.0,0.2,0.0,0.0,0.2,0.0,-0.2,0.04,,479.33
356,190843.0,Facundo Medina,Squad Club Atlético Talleres,"May 28, 1999 (19)",19,left,Defender,30.0,0.2,0.0,0.15,0.35,0.0,-0.2,0.02,0.06,1260.0
357,535.0,Patricio Toranzo,Squad Club Atlético Huracán,"Mar 19, 1982 (36)",36,right,Midfielder,18.0,0.2,0.0,0.0,0.2,0.0,-0.2,0.11,0.23,168.2
358,126587.0,Denis Rodríguez,Squad Club Atlético Belgrano,"Mar 21, 1996 (22)",22,right,Midfielder,30.0,0.2,0.0,0.1,0.3,0.0,-0.2,0.06,0.57,470.1
359,8867.0,José San Róman,Squad Club Atlético Tucumán,"Aug 17, 1988 (30)",30,right,Defender,20.0,0.2,0.0,0.1,0.3,1.0,0.8,0.02,0.46,1083.88
360,10601.0,Hernán Bernardello,Squad Club Atlético Newell's Old Boys,"Aug 3, 1986 (32)",32,right,Midfielder,5.0,0.2,0.0,0.05,0.25,0.0,-0.2,0.02,0.34,1054.28
361,118014.0,Rodrigo Arciero,Squad Club Atlético Banfield,"Mar 12, 1993 (25)",25,right,Defender,4.0,0.2,0.0,0.2,0.4,0.0,-0.2,0.03,0.17,1227.17
362,179341.0,Tomás Sandoval,Squad Club Atlético Colón,"Mar 30, 1999 (19)",19,right,Forward,32.0,0.19,0.0,0.19,0.38,0.0,-0.19,0.72,0.34,47.35
363,89965.0,Fernando Evangelista,Squad Club Estudiantes de La Plata,"Oct 21, 1991 (27)",27,left,Defender,13.0,0.19,0.0,0.0,0.19,0.0,-0.19,0.06,0.69,266.62
364,217046.0,Gianluca Ferrari,Squad Club Atlético San Lorenzo de Almagro,"Jun 30, 1997 (21)",21,-,Defender,41.0,0.19,0.0,0.0,0.19,1.0,0.81,0.04,0.09,424.78
365,215633.0,Juan Cataldi,Squad Club de Gimnasia y Esgrima La Plata,"Dec 17, 1998 (19)",19,-,Midfielder,19.0,0.19,0.0,0.0,0.19,0.0,-0.19,0.1,,174.63
366,55325.0,Brian Montenegro,Squad Club Atlético Talleres,"Jun 10, 1993 (25)",25,right,Forward,27.0,0.18,0.0,0.18,0.36,0.0,-0.18,0.12,0.46,262.6
367,19308.0,Álvaro Fernández,Squad Club Atlético San Martín (Tucumán),"Oct 11, 1985 (33)",33,right,Midfielder,23.0,0.18,0.0,0.18,0.36,0.0,-0.18,0.11,0.46,282.42
368,186086.0,Maximiliano Cuadra,Squad Racing Club,"Jun 6, 1995 (23)",23,right,Forward,27.0,0.18,0.0,0.0,0.18,1.0,0.82,0.13,2.29,127.4
369,49610.0,Leonardo Gil,Squad Club Atlético Rosario Central,"May 31, 1991 (27)",27,left,Midfielder,5.0,0.18,0.0,0.0,0.18,1.0,0.82,0.02,4.0,1050.93
370,24544.0,Julio González,Squad Club Social y Deportivo Defensa y Justicia,"Jun 28, 1992 (26)",26,right,Defender,4.0,0.18,0.0,0.18,0.36,0.0,-0.18,0.09,,360.0
371,47915.0,Emanuel Olivera,Squad Club Atlético Colón,"Apr 2, 1990 (28)",28,right,Defender,6.0,0.18,0.0,0.14,0.32,0.0,-0.18,0.03,0.4,990.0
372,69927.0,Jefferson Mena,Squad Club Atlético Aldosivi,"Jun 15, 1989 (29)",29,right,Defender,2.0,0.18,0.0,0.18,0.36,0.0,-0.18,0.07,0.46,450.0
373,128530.0,Alex Silva,Squad Club Atlético San Martín (SJ),"Jun 15, 1993 (25)",25,right,Defender,16.0,0.16,0.0,0.05,0.21,0.0,-0.16,0.13,0.57,151.18
374,210852.0,Iván Erquiaga,Squad Club Estudiantes de La Plata,"Mar 26, 1998 (20)",20,left,Defender,3.0,0.16,0.0,0.05,0.21,0.0,-0.16,0.02,,1065.63
375,37092.0,Enzo Pérez,Squad Club Atlético River Plate,"Feb 22, 1986 (32)",32,right,Midfielder,24.0,0.16,0.0,0.0,0.16,0.0,-0.16,0.03,2.86,539.15
376,178490.0,Carlos Benavídez,Squad Club Atlético Independiente,"Mar 30, 1998 (20)",20,right,Midfielder,21.0,0.16,0.0,0.0,0.16,0.0,-0.16,0.09,2.29,159.07
377,30969.0,Francisco Silva,Squad Club Atlético Independiente,"Feb 11, 1986 (32)",32,right,Midfielder,22.0,0.16,0.0,0.0,0.16,0.0,-0.16,0.03,2.06,441.43
378,473.0,Rodrigo Braña,Squad Club Estudiantes de La Plata,"Mar 7, 1979 (39)",39,right,Midfielder,22.0,0.16,0.0,0.0,0.16,0.0,-0.16,0.02,0.23,801.42
379,179925.0,Gonzalo Escobar,Squad Club Atlético Colón,"Mar 16, 1997 (21)",21,left,Defender,31.0,0.16,0.0,0.11,0.27,0.0,-0.16,0.02,1.71,984.88
380,63356.0,Juan Galeano,Squad Club Atlético Aldosivi,"Jul 3, 1988 (30)",30,-,Midfielder,8.0,0.16,0.0,0.0,0.16,0.0,-0.16,0.04,0.11,390.55
381,55208.0,Juan Sánchez Miño,Squad Club Atlético Independiente,"Jan 1, 1990 (28)",28,left,Defender,6.0,0.15,0.0,0.0,0.15,0.0,-0.15,0.02,5.14,844.82
382,103206.0,Lucas Rodríguez,Squad Club Atlético Tigre,"Sep 27, 1993 (25)",25,left,Defender,20.0,0.15,0.0,0.0,0.15,0.0,-0.15,0.02,0.8,728.83
383,106104.0,Víctor Salazar,Squad Club Atlético San Lorenzo de Almagro,"May 26, 1993 (25)",25,right,Defender,29.0,0.15,0.0,0.06,0.21,0.0,-0.15,0.02,1.44,1046.78
384,172673.0,Claudio Bravo,Squad Club Atlético Banfield,"Mar 13, 1997 (21)",21,left,Defender,3.0,0.15,0.0,0.0,0.15,0.0,-0.15,0.02,0.34,810.0
385,186251.0,Diego Sosa,Squad Club Atlético Tigre,"Jul 28, 1997 (21)",21,left,Defender,29.0,0.15,0.0,0.1,0.25,0.0,-0.15,0.04,0.91,503.5
386,196046.0,Nahuel Barrios,Squad Club Atlético San Lorenzo de Almagro,"May 7, 1998 (20)",20,right,Midfielder,28.0,0.15,0.0,0.15,0.3,0.0,-0.15,0.12,2.29,231.17
387,210881.0,Leonardo Balerdi,Squad Club Atlético Boca Juniors,"Jan 26, 1999 (19)",19,right,Defender,26.0,0.15,0.0,0.15,0.3,0.0,-0.15,0.06,,450.0
388,8484.0,Miguel Torrén,Squad Asociación Atlética Argentinos Juniors,"Aug 12, 1988 (30)",30,right,Defender,2.0,0.14,0.0,0.0,0.14,0.0,-0.14,0.01,0.8,1080.0
389,195168.0,Nehuén Pérez,Squad Asociación Atlética Argentinos Juniors,"Jun 24, 2000 (18)",18,right,Defender,6.0,0.14,0.0,0.14,0.28,0.0,-0.14,0.26,,95.15
390,45556.0,Claudio Corvalán,Squad Club Atlético Unión (Santa Fe),"Mar 23, 1989 (29)",29,left,Defender,3.0,0.14,0.0,0.0,0.14,0.0,-0.14,0.02,0.86,507.53
391,124479.0,Adrián Spörle,Squad Club Atlético Banfield,"Jul 13, 1995 (23)",23,left,Defender,33.0,0.14,0.0,0.0,0.14,0.0,-0.14,0.02,1.44,555.07
392,196095.0,Fernando Núñez,Squad Club Deportivo Godoy Cruz Antonio Tomba,"Jul 22, 1995 (23)",23,right,Forward,23.0,0.13,0.0,0.0,0.13,0.0,-0.13,0.06,0.06,204.15
393,86457.0,Guido Herrera,Squad Club Atlético Talleres,"Feb 29, 1992 (26)",26,left,Goalie,22.0,0.13,0.0,0.0,0.13,0.0,-0.13,0.01,1.44,1350.0
394,39479.0,Eugenio Mena,Squad Racing Club,"Jul 18, 1988 (30)",30,left,Defender,5.0,0.13,0.0,0.13,0.26,0.0,-0.13,0.03,1.71,896.45
395,24885.0,Luciano Lollo,Squad Club Atlético River Plate,"Mar 29, 1987 (31)",31,right,Defender,6.0,0.13,0.0,0.0,0.13,1.0,0.87,0.03,1.44,360.0
396,72090.0,Federico Bravo,Squad Club Atlético Patronato de la Juventud Católica,"Oct 5, 1993 (25)",25,right,Midfielder,22.0,0.13,0.0,0.13,0.26,0.0,-0.13,0.05,0.57,465.73
397,105810.0,Luis Amarilla,Squad Club Atlético Vélez Sarsfield,"Aug 25, 1995 (23)",23,right,Forward,20.0,0.13,0.0,0.0,0.13,0.0,-0.13,0.1,0.29,119.48
398,126549.0,Javier Iritier,Squad Club Atlético Aldosivi,"Dec 20, 1994 (23)",23,right,Forward,18.0,0.13,0.0,0.0,0.13,0.0,-0.13,0.04,0.4,270.85
399,182838.0,Norberto Briasco,Squad Club Atlético Huracán,"Feb 29, 1996 (22)",22,left,Forward,20.0,0.12,0.0,0.0,0.12,0.0,-0.12,0.05,0.57,223.8
400,57003.0,Fernando Coniglio,Squad Club Atlético Lanús,"Nov 24, 1991 (27)",27,right,Forward,9.0,0.12,0.0,0.0,0.12,0.0,-0.12,0.05,2.29,235.87
401,20478.0,Facundo Castillón,Squad Club Atlético Aldosivi,"Aug 21, 1985 (33)",33,right,Midfielder,19.0,0.12,0.0,0.12,0.24,0.0,-0.12,0.09,0.29,236.6
402,100773.0,Fabricio Bustos,Squad Club Atlético Independiente,"Apr 28, 1996 (22)",22,right,Defender,16.0,0.12,0.0,0.0,0.12,0.0,-0.12,0.01,11.43,1138.73
403,98844.0,Gabriel Gudiño,Squad Club Atlético San Lorenzo de Almagro,"Mar 16, 1992 (26)",26,right,Midfielder,8.0,0.12,0.0,0.0,0.12,0.0,-0.12,0.08,2.29,129.13
404,174330.0,Damián Batallini,Squad Asociación Atlética Argentinos Juniors,"Jun 24, 1996 (22)",22,right,Forward,11.0,0.12,0.0,0.12,0.24,0.0,-0.12,0.13,2.29,172.57
405,80233.0,Gonzalo Bettini,Squad Club Atlético Rosario Central,"Sep 26, 1992 (26)",26,left,Defender,4.0,0.11,0.0,0.11,0.22,0.0,-0.11,0.02,0.69,1170.0
406,58048.0,Luciano Abecasis,Squad Club Deportivo Godoy Cruz Antonio Tomba,"Jun 4, 1990 (28)",28,right,Defender,29.0,0.11,0.0,0.05,0.16,0.0,-0.11,0.02,2.86,810.0
407,192595.0,Franco Moyano,Squad Club Atlético San Lorenzo de Almagro,"Sep 13, 1997 (21)",21,right,Midfielder,34.0,0.11,0.0,0.11,0.22,0.0,-0.11,0.04,0.57,475.05
408,219117.0,Álvaro Barreal,Squad Club Atlético Vélez Sarsfield,"Aug 17, 2000 (18)",18,left,Midfielder,31.0,0.11,0.0,0.0,0.11,0.0,-0.11,0.06,,157.07
409,202647.0,Leandro Lencinas,Squad Club Deportivo Godoy Cruz Antonio Tomba,"Mar 6, 1995 (23)",23,left,Forward,17.0,0.11,0.0,0.05,0.16,0.0,-0.11,0.05,0.17,270.48
410,167687.0,Fabián Henríquez,Squad Club Deportivo Godoy Cruz Antonio Tomba,"Jun 8, 1995 (23)",23,right,Midfielder,19.0,0.11,0.0,0.0,0.11,0.0,-0.11,0.02,0.57,551.98
411,208462.0,Hernán De La Fuente,Squad Club Atlético Vélez Sarsfield,"Jan 7, 1997 (21)",21,right,Defender,4.0,0.11,0.0,0.0,0.11,0.0,-0.11,0.04,0.69,270.0
412,20311.0,Matías Ibáñez,Squad Club Atlético Lanús,"Dec 16, 1986 (31)",31,right,Goalie,12.0,0.11,0.0,0.11,0.22,0.0,-0.11,0.02,0.57,900.0
413,173028.0,Gabriel Carrasco,Squad Club Atlético Lanús,"Mar 7, 1997 (21)",21,right,Defender,27.0,0.11,0.0,0.11,0.22,0.0,-0.11,0.06,0.46,360.0
414,182947.0,Juan Andrada,Squad Club Deportivo Godoy Cruz Antonio Tomba,"Jan 4, 1995 (23)",23,right,Midfielder,30.0,0.1,0.0,0.0,0.1,0.0,-0.1,0.02,1.14,446.07
415,75491.0,Iván Gómez,Squad Club Estudiantes de La Plata,"Feb 28, 1997 (21)",21,right,Midfielder,4.0,0.1,0.0,0.05,0.15,0.0,-0.1,0.01,0.57,954.1
416,6084.0,Mauro Bogado,Squad Club Atlético Huracán,"May 31, 1985 (33)",33,right,Midfielder,8.0,0.1,0.0,0.0,0.1,0.0,-0.1,0.1,0.4,94.7
417,204820.0,Leonel Ferroni,Squad Club Atlético Newell's Old Boys,"Jan 29, 1996 (22)",22,left,Defender,20.0,0.1,0.0,0.1,0.2,0.0,-0.1,0.04,0.17,431.18
418,359.0,Néstor Moiraghi,Squad Club Atlético Tigre,"Apr 19, 1984 (34)",34,left,Defender,3.0,0.1,0.0,0.0,0.1,0.0,-0.1,0.01,0.46,990.0
419,179724.0,Jonatan Goitia,Squad Club Atlético San Martín (SJ),"Aug 2, 1994 (24)",24,left,Defender,19.0,0.1,0.0,0.1,0.2,0.0,-0.1,0.04,0.17,496.12
420,67.0,Néstor Ortigoza,Squad Club Atlético Rosario Central,"Oct 7, 1984 (34)",34,right,Midfielder,10.0,0.1,0.0,0.05,0.15,0.0,-0.1,0.01,0.57,1071.0
421,1318.0,Adrián Bastía,Squad Club Atlético Colón,"Dec 20, 1978 (39)",39,right,Midfielder,14.0,0.1,0.0,0.1,0.2,0.0,-0.1,0.05,0.11,341.68
422,251.0,Lucas Licht,Squad Club de Gimnasia y Esgrima La Plata,"Apr 6, 1981 (37)",37,left,Defender,25.0,0.1,0.0,0.05,0.15,0.0,-0.1,0.09,0.11,144.77
423,204644.0,Matías Melluso,Squad Club de Gimnasia y Esgrima La Plata,"Jun 9, 1998 (20)",20,left,Defender,32.0,0.1,0.0,0.0,0.1,0.0,-0.1,0.01,0.06,1087.13
424,33527.0,Alejandro Donatti,Squad Racing Club,"Oct 24, 1986 (32)",32,right,Defender,2.0,0.1,0.0,0.0,0.1,0.0,-0.1,0.02,1.71,363.23
425,30724.0,José Fernández,Squad Club Atlético Rosario Central,"Oct 26, 1987 (31)",31,left,Midfielder,11.0,0.1,0.0,0.05,0.15,0.0,-0.1,0.14,0.91,97.95
426,111092.0,Joaquín Pereyra,Squad Club Atlético Rosario Central,"Dec 1, 1998 (20)",20,left,Midfielder,7.0,0.1,0.0,0.05,0.15,0.0,-0.1,0.2,0.69,68.07
427,69296.0,Arián Pucheta,Squad Club Atlético San Martín (SJ),"Mar 8, 1995 (23)",23,left,Defender,6.0,0.1,0.0,0.0,0.1,0.0,-0.1,0.01,0.29,882.47
428,98007.0,Eugenio Isnaldo,Squad Club Social y Deportivo Defensa y Justicia,"Jan 7, 1994 (24)",24,left,Forward,11.0,0.1,0.0,0.1,0.2,0.0,-0.1,0.2,0.69,90.0
429,56290.0,Pablo Magnín,Squad Club Atlético San Martín (SJ),"Apr 25, 1990 (28)",28,right,Forward,11.0,0.1,0.0,0.1,0.2,0.0,-0.1,0.33,0.23,54.47
430,16123.0,Bruno Urribarri,Squad Club Atlético Patronato de la Juventud Católica,"Nov 6, 1986 (32)",32,left,Defender,23.0,0.1,0.0,0.05,0.15,0.0,-0.1,0.02,0.17,630.0
431,166837.0,Hernán Toledo,Squad Asociación Atlética Argentinos Juniors,"Jan 17, 1996 (22)",22,right,Forward,19.0,0.09,0.0,0.09,0.18,0.0,-0.09,0.04,1.14,409.08
432,32236.0,Nicolás Bertolo,Squad Club Atlético Banfield,"Jan 2, 1986 (32)",32,right,Forward,8.0,0.09,0.0,0.0,0.09,0.0,-0.09,0.04,0.86,226.0
433,155.0,Neri Cardozo,Squad Racing Club,"Aug 8, 1986 (32)",32,left,Midfielder,19.0,0.09,0.0,0.09,0.18,0.0,-0.09,0.04,2.06,379.15
434,75048.0,Gerónimo Poblete,Squad Club Atlético San Lorenzo de Almagro,"Jan 2, 1993 (25)",25,right,Midfielder,17.0,0.09,0.0,0.0,0.09,0.0,-0.09,0.02,1.71,540.0
435,16658.0,Diego Arismendi,Squad Club Atlético Rosario Central,"Jan 25, 1988 (30)",30,right,Midfielder,14.0,0.09,0.0,0.09,0.18,0.0,-0.09,0.09,0.57,180.07
436,129572.0,Hernán Menosse,Squad Club Atlético Belgrano,"Apr 28, 1987 (31)",31,right,Defender,2.0,0.09,0.0,0.0,0.09,0.0,-0.09,0.01,0.46,829.5
437,89002.0,Lautaro Geminiani,Squad Club Atlético Patronato de la Juventud Católica,"Mar 2, 1991 (27)",27,right,Defender,4.0,0.09,0.0,0.05,0.14,0.0,-0.09,0.02,0.29,710.27
438,208434.0,Maximiliano Martínez,Squad Club Atlético San Martín (Tucumán),"Sep 1, 1992 (26)",26,left,Defender,3.0,0.08,0.0,0.0,0.08,0.0,-0.08,0.01,,972.55
439,200953.0,Matías Ruiz Díaz,Squad Club Estudiantes de La Plata,"Sep 9, 1996 (22)",22,right,Defender,20.0,0.08,0.0,0.08,0.16,0.0,-0.08,0.16,0.17,90.0
440,120431.0,Alexis Soto,Squad Racing Club,"Oct 20, 1993 (25)",25,left,Defender,3.0,0.08,0.0,0.0,0.08,0.0,-0.08,0.04,3.2,175.43
441,200980.0,Enzo Ybáñez,Squad Asociación Atlética Argentinos Juniors,"Aug 29, 1998 (20)",20,left,Defender,13.0,0.07,0.0,0.0,0.07,0.0,-0.07,0.01,0.06,450.0
442,196097.0,Agustín Verdugo,Squad Club Deportivo Godoy Cruz Antonio Tomba,"Sep 18, 1997 (21)",21,right,Midfielder,26.0,0.07,0.0,0.07,0.14,0.0,-0.07,0.03,0.46,491.57
443,208585.0,Facundo Nadalín,Squad Club Atlético Newell's Old Boys,"Aug 16, 1997 (21)",21,right,Defender,35.0,0.07,0.0,0.07,0.14,0.0,-0.07,0.02,0.06,630.0
444,29319.0,Lucas Ceballos,Squad Club Atlético Patronato de la Juventud Católica,"Jan 3, 1987 (31)",31,right,Defender,3.0,0.06,0.0,0.0,0.06,0.0,-0.06,0.01,0.57,534.12
445,145031.0,Julián Vitale,Squad Club Atlético San Martín (Tucumán),"Jun 21, 1995 (23)",23,right,Midfielder,15.0,0.06,0.0,0.0,0.06,0.0,-0.06,0.01,0.34,400.38
446,118231.0,Pablo Galdames,Squad Club Atlético Vélez Sarsfield,"Dec 30, 1996 (21)",21,right,Midfielder,27.0,0.06,0.0,0.0,0.06,0.0,-0.06,0.05,0.57,103.03
447,174331.0,Francis Mac Allister,Squad Asociación Atlética Argentinos Juniors,"Oct 30, 1995 (23)",23,right,Midfielder,5.0,0.06,0.0,0.06,0.12,0.0,-0.06,0.07,0.86,151.23
448,127048.0,Ezequiel Bonifacio,Squad Club de Gimnasia y Esgrima La Plata,"May 9, 1994 (24)",24,right,Defender,6.0,0.06,0.0,0.0,0.06,0.0,-0.06,0.01,0.57,646.53
449,3173.0,Gonzalo Prósperi,Squad Club Atlético San Martín (SJ),"Sep 28, 1985 (33)",33,right,Defender,4.0,0.06,0.0,0.06,0.12,0.0,-0.06,0.03,0.29,372.03
450,61.0,Gastón Machín,Squad Asociación Atlética Argentinos Juniors,"Feb 23, 1983 (35)",35,right,Midfielder,8.0,0.05,0.0,0.05,0.1,0.0,-0.05,0.01,0.23,806.82
451,79279.0,Gianni Rodríguez,Squad Club Atlético San Martín (SJ),"Jun 7, 1994 (24)",24,left,Defender,17.0,0.05,0.0,0.0,0.05,0.0,-0.05,0.01,0.26,481.42
452,1118.0,Leonardo Ponzio,Squad Club Atlético River Plate,"Jan 29, 1982 (36)",36,right,Midfielder,23.0,0.05,0.0,0.0,0.05,0.0,-0.05,0.01,0.86,331.48
453,46432.0,Milton Casco,Squad Club Atlético River Plate,"Apr 11, 1988 (30)",30,right,Defender,20.0,0.05,0.0,0.05,0.1,0.0,-0.05,0.02,1.14,450.0
454,75517.0,Bruno Vides,Squad Club Atlético Lanús,"Feb 20, 1993 (25)",25,right,Forward,32.0,0.05,0.0,0.0,0.05,0.0,-0.05,0.12,0.57,36.8
455,100730.0,Oscar Cabezas,Squad Club Atlético Rosario Central,"Dec 22, 1996 (21)",21,left,Defender,26.0,0.05,0.0,0.0,0.05,0.0,-0.05,0.01,0.57,675.07
456,49599.0,Emiliano Albín,Squad Club Atlético San Martín (Tucumán),"Jan 24, 1989 (29)",29,right,Defender,24.0,0.05,0.0,0.0,0.05,0.0,-0.05,0.03,0.29,157.15
457,208534.0,Francisco Ortega,Squad Club Atlético Vélez Sarsfield,"Feb 19, 1999 (19)",19,left,Defender,34.0,0.05,0.0,0.05,0.1,0.0,-0.05,0.02,0.46,360.0
458,169452.0,Luciano Perdomo,Squad Club de Gimnasia y Esgrima La Plata,"Sep 10, 1996 (22)",22,right,Midfielder,38.0,0.05,0.0,0.0,0.05,0.0,-0.05,0.02,0.57,210.72
459,163540.0,Carlo Lattanzio,Squad Club Estudiantes de La Plata,"Jul 25, 1997 (21)",21,left,Midfielder,30.0,0.05,0.0,0.0,0.05,0.0,-0.05,0.03,0.29,144.3
460,168681.0,Gonzalo Montiel,Squad Club Atlético River Plate,"Jan 1, 1997 (21)",21,right,Defender,29.0,0.05,0.0,0.05,0.1,0.0,-0.05,0.03,2.29,270.0
461,15839.0,Juan Quiroga,Squad Club Atlético Belgrano,"Apr 20, 1982 (36)",36,left,Defender,29.0,0.05,0.0,0.0,0.05,0.0,-0.05,0.01,0.06,710.38
462,81332.0,Gastón Gil Romero,Squad Club Atlético Belgrano,"May 6, 1993 (25)",25,right,Midfielder,8.0,0.05,0.0,0.05,0.1,0.0,-0.05,0.02,0.57,476.68
463,49910.0,Matías Fissore,Squad Club Atlético San Martín (SJ),"Sep 21, 1990 (28)",28,right,Midfielder,8.0,0.05,0.0,0.0,0.05,0.0,-0.05,0.01,0.4,628.02
464,113707.0,Julián Chicco,Squad Club Atlético Boca Juniors,"Jan 13, 1998 (20)",20,right,Midfielder,40.0,0.05,0.0,0.05,0.1,0.0,-0.05,0.04,0.69,228.2
465,215759.0,Franco Sivetti,Squad Club Estudiantes de La Plata,"May 30, 1998 (20)",20,-,Midfielder,27.0,0.05,0.0,0.05,0.1,0.0,-0.05,0.05,,180.73
466,2132.0,Pablo Guiñazú,Squad Club Atlético Talleres,"Aug 26, 1978 (40)",40,left,Midfielder,5.0,0.05,0.0,0.0,0.05,0.0,-0.05,0.0,0.46,1319.23
467,153268.0,Nicolás Delgadillo,Squad Club Atlético Vélez Sarsfield,"Oct 2, 1997 (21)",21,left,Forward,33.0,0.05,0.0,0.05,0.1,0.0,-0.05,0.07,1.14,124.55
468,58039.0,Leandro Sapetti,Squad Club Atlético Aldosivi,"Jan 30, 1989 (29)",29,left,Defender,26.0,0.05,0.0,0.0,0.05,0.0,-0.05,0.05,0.34,90.0
469,126655.0,Emanuel Reynoso,Squad Club Atlético Boca Juniors,"Nov 16, 1995 (23)",23,left,Midfielder,30.0,0.05,0.0,0.0,0.05,0.0,-0.05,0.05,6.86,85.07
470,186634.0,Matías Fonseca,Squad Club Atlético Patronato de la Juventud Católica,"Oct 4, 1995 (23)",23,right,Forward,41.0,0.05,0.0,0.0,0.05,0.0,-0.05,0.13,,35.15
471,192402.0,Tomás Attis,Squad Club Atlético Belgrano,"Oct 2, 1999 (19)",19,right,Forward,28.0,0.05,0.0,0.0,0.05,0.0,-0.05,0.05,0.17,86.92
472,169461.0,Brian Blasi,Squad Club Atlético Unión (Santa Fe),"Feb 8, 1996 (22)",22,right,Defender,17.0,0.05,0.0,0.05,0.1,0.0,-0.05,0.1,0.29,90.0
473,28317.0,Iván Pillud,Squad Racing Club,"Apr 24, 1986 (32)",32,right,Defender,4.0,0.05,0.0,0.05,0.1,0.0,-0.05,0.03,0.69,320.95
474,16056.0,Facundo Oreja,Squad Club de Gimnasia y Esgrima La Plata,"Jun 14, 1982 (36)",36,right,Defender,4.0,0.05,0.0,0.0,0.05,0.0,-0.05,0.01,0.17,756.03
475,24484.0,Damián Lemos,Squad Club Atlético Patronato de la Juventud Católica,"Jan 31, 1989 (29)",29,right,Midfielder,24.0,0.05,0.0,0.05,0.1,0.0,-0.05,0.01,0.29,935.17
476,105325.0,Federico Milo,Squad Club Atlético San Martín (SJ),"Jan 10, 1992 (26)",26,left,Defender,25.0,0.05,0.0,0.0,0.05,0.0,-0.05,0.01,0.29,689.22
477,68988.0,Nery Leyes,Squad Club Atlético Tucumán,"Sep 5, 1989 (29)",29,right,Midfielder,38.0,0.05,0.0,0.05,0.1,0.0,-0.05,0.02,0.4,371.98
478,193908.0,Tomás Guidara,Squad Club Atlético Belgrano,"Mar 13, 1996 (22)",22,right,Defender,4.0,0.05,0.0,0.05,0.1,0.0,-0.05,0.01,1.44,990.0
479,33966.0,Sebastián Luna,Squad Club Atlético Belgrano,"Dec 25, 1987 (30)",30,left,Defender,21.0,0.05,0.0,0.0,0.05,0.0,-0.05,0.01,0.46,697.48
480,75975.0,Christian Almeida,Squad Club Social y Deportivo Defensa y Justicia,"Dec 25, 1989 (28)",28,left,Midfielder,13.0,0.05,0.0,0.05,0.1,0.0,-0.05,0.09,0.86,97.8
481,46549.0,Fausto Montero,Squad Asociación Atlética Argentinos Juniors,"Oct 22, 1988 (30)",30,right,Midfielder,30.0,0.05,0.0,0.05,0.1,0.0,-0.05,0.01,0.4,707.8
